CASE;SERIAL;REF;QUESTNNR;MODE;STARTED;UI06_05;WT_S1_F1_AL;WT_S1_F2_AL;WT_S1_F3_AL;WT_S1_F4_AL;WT_S1_F5_AL;WT_S1_F6_AL;WT_S2_F1_AL;WT_S2_F2_AL;WT_S2_F3_AL;WT_S2_F4_AL;WT_S2_F5_AL;WT_S2_F6_AL;WT_S3_F1_AL;WT_S3_F2_AL;WT_S3_F3_AL;WT_S3_F4_AL;WT_S3_F5_AL;WT_S3_F7_AL;WT_S4_F1_AL;WT_S4_F2_AL;WT_S4_F3_AL;WT_S4_F4_AL;WT_S4_F5_AL;WT_S4_F6_AL;WT_S5_F1_ST;WT_S5_F2_ST;WT_S5_F3_ST;WT_S5_F4_ST;WT_S5_F5_ST;WT_S5_F6_ST;WT_S6_F1_ST;WT_S6_F2_ST;WT_S6_F3_ST;WT_S6_F4_ST;WT_S6_F5_ST;WT_S6_F6_ST;WT_S7_F1_ST;WT_S7_F2_ST;WT_S7_F3_ST;WT_S7_F4_ST;WT_S7_F5_ST;WT_S7_F6_ST;WT_S7_F7_ST;WT_S8_F1_ST;WT_S8_F2_ST;WT_S8_F3_ST;WT_S8_F4_ST;WT_S8_F5_ST;WT_S9_F1_ST;WT_S9_F2_ST;WT_S9_F3_ST;WT_S9_F4_ST;WT_S9_F5_ST;WT_S11_F1_R;WT_S11_F2_R;WT_S11_F3_R;WT_S11_F4_R;WT_S11_F5_R;WT_S11_F6_R;WT_S13_F1_R;WT_S13_F2_R;WT_S13_F3_R;WT_S13_F4_R;WT_S13_F6_R;WT_S14_F1_R;WT_S14_F3_R;WT_S14_F4_R;WT_S14_F5_R;WT_S14_F6_R;TIME001;TIME002;TIME003;TIME004;TIME005;TIME006;TIME007;TIME008;TIME009;TIME010;TIME011;TIME012;TIME013;TIME_SUM;MAILSENT;LASTDATA;FINISHED;Q_VIEWER;LASTPAGE;MAXPAGE;MISSING;MISSREL;TIME_RSI;DEG_TIME;WT_S1_F1F2_AL;WT_S1_F1F3_AL;WT_S1_F1F5_AL;WT_S1_F2F4_AL;WT_S1_F2F5_AL;WT_S1_F2F6_AL;WT_S1_F3F4_AL;WT_S1_F3F5_AL;WT_S1_F3F6_AL;WT_S1_F4F5_AL;WT_S1_F4F6_AL;WT_S1_F5F6_AL;WT_S2_F1F3_AL;WT_S2_F1F4_AL;WT_S2_F1F6_AL;WT_S2_F2F3_AL;WT_S2_F2F5_AL;WT_S2_F2F6_AL;WT_S2_F3F4_AL;WT_S2_F3F5_AL;WT_S2_F4F5_AL;WT_S2_F4F6_AL;WT_S2_F5F6_AL;WT_S3_F1F2_AL;WT_S3_F1F3_AL;WT_S3_F1F4_AL;WT_S3_F1F5_AL;WT_S3_F2F7_AL;WT_S3_F3F7_AL;WT_S3_F4F7_AL;WT_S3_F5F7_AL;WT_S4_F1F2_AL;WT_S4_F1F3_AL;WT_S4_F1F4_AL;WT_S4_F1F5_AL;WT_S4_F1F6_AL;WT_S4_F2F3_AL;WT_S4_F2F6_AL;WT_S4_F3F4_AL;WT_S4_F4F6_AL;WT_S4_F5F6_AL;WT_S5_F1F2_ST;WT_S5_F1F3_ST;WT_S5_F1F4_ST;WT_S5_F1F5_ST;WT_S5_F2F6_ST;WT_S5_F3F5_ST;WT_S5_F3F6_ST;WT_S5_F4F6_ST;WT_S6_F1F2_ST;WT_S6_F1F3_ST;WT_S6_F1F5_ST;WT_S6_F1F6_ST;WT_S6_F2F3_ST;WT_S6_F2F4_ST;WT_S6_F2F5_ST;WT_S6_F3F4_ST;WT_S6_F4F5_ST;WT_S6_F4F6_ST;WT_S7_F1F6_ST;WT_S7_F1F7_ST;WT_S7_F2F6_ST;WT_S7_F3F6_ST;WT_S7_F3F7_ST;WT_S7_F4F6_ST;WT_S7_F5F6_ST;WT_S7_F5F7_ST;WT_S7_F6F7_ST;WT_S8_F1F2_ST;WT_S8_F2F3_ST;WT_S8_F2F5_ST;WT_S8_F3F4_ST;WT_S8_F4F5_ST;WT_S9_F1F2_ST;WT_S9_F1F5_ST;WT_S9_F2F3_ST;WT_S9_F2F4_ST;WT_S9_F2F5_ST;WT_S9_F3F5_ST;WT_S9_F4F5_ST;WT_S11_F1F5_R;WT_S11_F1F6_R;WT_S11_F2F3_R;WT_S11_F2F5_R;WT_S11_F2F6_R;WT_S11_F3F5_R;WT_S11_F3F6_R;WT_S11_F4F5_R;WT_S11_F4F6_R;WT_S11_F5F6_R;WT_S13_F1F4_R;WT_S13_F1F6_R;WT_S13_F2F4_R;WT_S13_F3F4_R;WT_S13_F3F6_R;WT_S13_F4F6_R;WT_S14_F1F3_R;WT_S14_F1F4_R;WT_S14_F3F4_R;WT_S14_F3F5_R;WT_S14_F3F6_R;WT_S14_F4F5_R;WT_S14_F4F6_R;PK_S1_AL;PK_S2_AL;PK_S3_AL;PK_S4_AL;PK_S5_ST;PK_S6_ST;PK_S7_ST;PK_S8_ST;PK_S9_ST;PK_S11_R;PK_S13_R;PK_S14_R;SJT_AL_gek;SJT_ST_gek;SJT_R_gek;SJT_KF_gek
<<<<<<< Updated upstream
64; ; ;base;interview;7/21/2021 17:14:40;101;5;1;3;2;2;3;6;4;1;5;3;2;6;2;5;1;2;3;3;1;1;3;2;3;3;2;4;6;1;2;5;3;2;3;1;2;2;4;3;3;4;1;2;1;4;2;1;2;6;5;6;6;2;5;3;4;6;2;1;5;5;4;1;2;2;2;4;3;1;10;75;70;64;69;71;47;68;50;51;55;37;48;715; ;7/21/2021 17:26:35;1;0;13;13;0;0; ;13;1;1;1;1;1;1;0;0;0;0;0;1;1;0;1;1;1;1;1;1;1;1;1;1;1;1;1;1;0;1;1;0;0;,5;0;0;,5;1;0;0;1;1;0;0;1;0;0;0;0;1;1;1;1;1;,5;1;1;1;1;1;0;1;1;1;1;1;1;1;1;1;1;0;0;1;1;1;1;0;1;1;1;1;0;1;1;1;1;1;1;0;1;1;1;1;1;1;0;0;0;0;1;0;0;,583333333333333;,909090909090909;,875;,3;,25;,95;,888888888888889;,6;,857142857142857;,8;1;,142857142857143;,597474747474747;,898677248677249;,704464285714286;,733538760622094
65; ; ;base;interview;7/27/2021 17:41:18;102;4;5;3;3;1;1;5;6;3;4;2;2;3;4;3;2;1;5;1;2;1;2;5;4;6;3;4;2;1;5;5;3;1;4;2;1;3;5;5;6;5;1;4;2;6;3;2;1;6;2;6;4;3;5;3;3;4;1;1;4;5;4;1;2;3;4;1;6;2;24;81;62;53;77;52;44;63;32;57;54;49;43;691; ;7/27/2021 17:52:49;1;0;13;13;0;0; ;5;0;1;1;0;0;0;0;0;0;1;1;,5;1;0;1;1;1;1;1;0;1;1;,5;0;0;1;1;1;1;1;1;1;0;1;1;1;1;1;0;1;0;1;1;1;1;1;0;1;1;1;1;1;1;1;1;1;1;1;1;1;0;1;1;1;1;1;1;1;1;1;1;0;1;1;1;1;1;1;1;1;1;1;0;1;1;1;1;1;1;,5;1;1;1;1;1;1;1;1;1;0;1;1;1;,375;,772727272727273;,75;,7;,875;1;,888888888888889;,8;1;,85;1;,857142857142857;,615909090909091;,962962962962963;,864285714285714;,814385922719256
66; ; ;base;interview;7/28/2021 15:40:54;103;5;5;3;3;2;5;5;4;2;6;2;2;2;3;4;3;3;5;2;5;6;2;3;6;4;6;2;5;1;2;6;2;1;5;1;2;6;5;5;3;6;1;1;1;3;3;3;3;6;3;6;6;1;6;4;2;5;2;1;5;6;5;1;3;3;5;2;5;3;12;65;62;81;68;65;48;60;40;52;65;73;53;744; ;7/28/2021 15:53:18;1;0;13;13;0;0; ;10;0;1;1;0;0;0;0;0;1;1;0;1;1;1;1;1;1;1;1;0;1;1;,5;0;0;0;0;1;1;1;1;1;1;,5;1;1;0;1;1;1;1;0;1;0;1;0;0;0;0;1;1;1;1;1;1;1;1;1;1;1;1;1;1;1;1;1;1;,5;1;0;0;0;0;1;1;1;1;0;1;1;1;1;1;1;1;0;1;1;1;0;1;1;1;1;1;1;1;1;1;0;1;1;1;,416666666666667;,863636363636364;,5;,85;,25;1;,944444444444444;,2;,857142857142857;,8;1;,857142857142857;,71010101010101;,933862433862434;,789285714285714;,811083052749719
67; ; ;base;interview;8/5/2021 15:58:42;104;5;1;2;2;2;2;3;2;1;3;3;1;3;2;2;2;2;4;1;1;1;3;3;5;3;3;2;2;2;3;4;2;1;3;1;2;2;1;1;1;5;1;1;1;5;2;2;1;3;1;5;5;3;2;2;3;5;1;1;3;4;5;2;2;2;2;1;2;3;8;140;41;37;40;57;39;34;27;30;33;30;27;543; ;8/5/2021 16:07:45;1;0;13;13;0;0; ;37;1;1;1;1;1;1;0;,5;0;0;0;,5;1;0;1;1;0;1;1;1;0;1;1;1;1;1;1;1;1;1;1;0;0;1;1;1;,5;1;0;1;1;0;1;1;1;0;0;1;1;1;1;1;1;1;1;1;1;1;1;1;1;0;0;0;0;1;1;,5;1;1;1;0;1;1;0;1;1;1;1;1;1;1;0;1;1;1;1;1;1;,5;1;1;1;1;1;0;0;1;1;0;0;1;1;,583333333333333;,727272727272727;1;,65;,625;1;,5;,8;,857142857142857;,85;,833333333333333;,571428571428571;,653535353535354;,785714285714286;,813690476190476;,750980038480038
69; ; ;base;interview;8/31/2021 14:25:11;201;5;1;3;3;5;2;4;3;2;5;4;3;6;4;3;1;3;5;1;2;5;5;5;2;3;2;2;4;2;6;6;2;1;4;1;3;5;3;2;3;5;1;1;1;5;3;3;2;5;4;5;5;2;4;1;5;3;1;4;4;5;2;1;5;5;2;1;5;2;6;114;87;77;115;118;59;75;50;127;58;49;46;845; ;8/31/2021 14:41:32;1;0;13;13;0;0; ;21;1;1;0;1;1;1;0;1;0;0;1;0;1;1;1;1;0;0;1;1;1;1;1;1;1;1;1;1;1;1;1;1;1;1;1;1;0;0;0;0;0;1;1;0;1;1;0;1;1;1;1;1;1;1;1;1;1;1;1;1;1;1;1;1;1;1;1;,5;1;1;1;0;1;1;1;1;1;0;1;1;1;0;0;0;0;1;1;1;0;1;1;0;1;1;0;1;0;1;1;0; ;1;1;,583333333333333;,818181818181818;1;,5;,75;1;,944444444444444;,8;,857142857142857;,5;,666666666666667;,666666666666667;,633838383838384;,933862433862434;,708333333333333;,758678050344717
70; ; ;base;interview;9/1/2021 17:06:31;105;2;1;1;6;4;1;2;5;1;6;1;6;2;2;1;1;1;4;1;1;1;3;4;6;5;4;1;1;1;6;6;1;1;6;1;1;1;1;1;2;6;3;2;1;2;2;2;2;5;2;2;2;2;2;2;1;5;1;3;4;2;2;1;1;2;5;1;4;3;15;123;75;97;50;68;30;73;42;68;56;52;58;807; ;9/1/2021 17:19:58;1;0;13;13;0;0; ;10;1;1;0;1;1;0;1;1;0;1;1;0;1;1;0;1;1;0;1;0;1;0;0;0;1;1;1;1;1;1;1;0;0;1;1;1;,5;1;0;1;1;1;1;1;1;1;0;1;1;1;1;1;1;0;1;0;1;1;1;0;0;0;0;0;0;1;1;0;1;0;0;0;0;1;1;0;0;,5;,5;0;1;0;1;1;0;0;0;1;1;1;1;1;1;1;1;0;1;1;1;1;1;1;1;,666666666666667;,545454545454545;,875;,65;,875;,8;,222222222222222;,2;,428571428571429;,6;,833333333333333;1;,620707070707071;,483597883597884;,827083333333333;,643796095879429
71; ; ;base;interview;9/15/2021 12:02:49;106;5;3;4;4;1;3;5;4;3;2;2;4;2;2;5;2;3;6;3;2;1;5;5;2;3;4;2;3;1;5;3;2;3;1;2;3;6;2;6;2;5;2;1;2;5;3;4;2;4;3;4;5;2;4;4;5;5;2;1;4;3;4;3;4;3;4;3;5;5;8;55;46;52;43;58;30;33;20;27;34;36;37;479; ;9/15/2021 12:10:48;1;0;13;13;0;0; ;37;1;1;1;1;0;0;0;0;0;1;1;1;1;0;1;1;1;0;0;0;0;0;0;0;0;0;0;1;1;1;1;0;0;1;1;0;1;0;0;0;0;0;1;0;1;1;0;1;1;1;0;1;0;0;0;0;0;0;0;1;1;0;1;1;0;1;1;0;1;1;1;1;1;1;1;1;1;0;1;1;1;1;0;1;1;1;1;1;1;0;1;,5;0;1;0;1;1;0;1;0;0;1;1;,583333333333333;,363636363636364;,5;,3;,625;,2;,666666666666667;1;,857142857142857;,8;,583333333333333;,571428571428571;,415656565656566;,574603174603175;,613690476190476;,534650072150072
72; ; ;base;interview;9/27/2021 18:35:47;202;5;4;1;6;3;1;1;5;2;2;5;1;4;1;2;1;1;5;1;3;5;6;4;1;5;2;3;2;4;5;4;2;1;4;1;1;5;2;5;2;6;1;1;1;2;1;1;1;4;2;4;4;1;5;3;5;6;1;1;4;3;1;1;5;2;3;1;1;1;16;96;72;81;62;83;115;69;39;52;52;67;57;799; ;9/27/2021 18:50:08;1;0;13;13;0;0; ;6;1;1;1;1;0;0;1;1;0;1;1;0;0;1;0;1;0;1;0;1;0;1;1;1;1;1;1;1;1;1;1;1;1;1;1;0;0;0;0;0;0;1;1;1;1;1;1;1;1;1;1;1;1;1;1;1;1;1;1;1;1;1;1;1;1;1;1;,5;1;1;1;0;0;1;1;1;1;0;1;1;1;1;0;1;1;1;1;1;1;,5;1;0;1;0;0;1;1;1;1;1;1;0;0;,666666666666667;,545454545454545;1;,4;1;1;,944444444444444;,6;,857142857142857;,85;,5;,714285714285714;,537373737373737;,933862433862434;,766071428571429;,745769199935867
73; ; ;base;interview;10/5/2021 16:35:26;203;5;1;2;6;2;3;3;6;1;4;2;1;4;1;1;3;2;6;1;4;3;6;2;3;5;2;1;2;1;6;5;2;1;2;1;1;5;3;2;3;6;1;1;2;2;1;4;3;6;5;5;6;2;4;5;1;5;1;1;6;1;2;1;2;2;3;1;3;1;28;108;112;82;96;68;48;64;68;60;57;74;42;874; ;10/5/2021 16:50:33;1;0;13;13;0;0; ;2;1;1;1;1;1;1;1;,5;1;1;1;1;1;1;1;1;1;1;1;1;1;1;1;1;1;1;1;1;1;1;1;1;1;1;1;1;1;0;0;0;1;1;1;1;1;1;0;1;1;1;1;1;1;1;,5;1;1;1;1;1;1;1;1;1;1;1;1;,5;0;1;0;1;1;1;1;0;1;0;1;1;1;1;1;1;1;0;,5;1;1;,5;1;1;0;1;0;1;1;1;1;0;1;1;0;,958333333333333;1;1;,7;,875;,95;,944444444444444;,6;,714285714285714;,8;,666666666666667;,714285714285714;,886111111111111;,86957671957672;,795238095238095;,850308641975309
75; ; ;base;interview;10/6/2021 12:56:44;107;6;2;6;3;1;1;5;6;1;6;2;5;6;2;6;1;1;6;1;4;6;6;2;6;6;6;2;6;1;6;6;4;1;6;1;1;6;6;6;1;6;1;1;1;1;1;6;6;3;1;6;6;3;6;3;4;6;1;1;5;6;2;6;1;4;6;1;2;1;33;46;57;39;55;37;52;53;41;37;58;56;42;606; ;10/6/2021 13:06:50;1;0;13;13;0;0; ;11;1;0;1;1;0;0;0;0;0;1;1;,5;1;1;0;1;1;1;1;1;1;1;0;1;0;1;1;1;0;1;1;1;1;1;1;1;0;1;0;0;1;0;1;0;1;0;0;1;0;1;1;1;1;1;1;1;1;1;1;1;1;1;1;1;0;1;1;,5;0;0;0;1;0;1;0;1;1;1;1;1;1;1;0;1;1;1;1;1;1;,5;0;1;0;0;1;0;1;1;1;1;1;1;0;,458333333333333;,818181818181818;,75;,7;,375;1;,833333333333333;,2;,857142857142857;,85;,333333333333333;,857142857142857;,658838383838384;,896825396825397;,697619047619048;,751094276094276
77; ; ;base;interview;10/13/2021 12:48:47;108;4;2;2;5;2;5;4;3;2;4;2;3;3;3;3;2;2;5;2;3;3;5;2;4;5;6;4;2;4;3;4;1;1;3;4;1;3;2;3;2;4;2;2;2;3;2;4;4;3;4;3;3;2;3;4;4;4;2;2;3;3;4;2;3;3;4;2;3;2;21;83;72;44;53;68;46;44;38;45;40;45;31;630; ;10/13/2021 12:59:17;1;0;13;13;0;0; ;11;1;1;1;1;0;1;1;,5;1;1;0;1;1;0;1;1;1;0;1;0;1;1;0;0;0;1;1;1;1;1;1;1;1;1;0;1;,5;1;0;0;1;0;1;1;1;0;0;0;1;1;1;0;1;0;1;0;1;0;1;1;1;0;1;1;0;1;1;,5;1;1;0;1;0;0;1;0;0;0;1;1;1;1;0;1;1;1;1;1;1;,5;1;,5;1;1;1;1;1;1;1;1;1;1;0;,791666666666667;,636363636363636;,75;,65;,5;,6;,722222222222222;,6;,428571428571429;,85;,916666666666667;,857142857142857;,692676767676768;,583597883597884;,843452380952381;,706575677409011
79; ; ;base;interview;10/18/2021 16:55:45;109;2;2;3;6;1;5;4;3;2;3;1;2;3;2;2;2;2;5;2;4;1;5;3;5;6;6;2;3;1;2;6;2;1;5;1;1;3;2;6;3;5;1;2;3;3;2;1;1;4;2;4;6;2;3;4;2;5;1;1;2;3;5;2;3;4;3;2;2;3;46;96;62;54;95;119;58;83;40;46;60;69;68;838; ;10/18/2021 17:10:42;1;0;13;13;0;0; ;1;0;0;1;1;0;1;1;0;1;1;1;1;1;0;1;1;1;1;1;0;1;1;0;1;1;1;1;1;1;1;1;1;0;1;1;1;1;1;0;0;1;0;1;1;1;0;0;0;0;1;1;1;1;1;1;1;1;1;1;1;1;1;1;1;1;1;1;1;0;1;1;0;0;1;1;1;1;,5;1;1;1;1;1;1;1;1;1;1;1;,5;0;0;1;1;1;1;0;1;1;1; ;0;1;,666666666666667;,727272727272727;1;,7;,375;1;1;,4;,928571428571429;,95;,666666666666667;,666666666666667;,697979797979798;,976190476190476;,820833333333333;,831667869167869
80; ; ;base;interview;11/8/2021 14:59:20;110;5;2;3;3;2;2;4;3;1;6;5;3;3;2;6;2;1;3;2;1;2;3;3;5;6;6;2;4;2;4;6;2;3;3;2;2;3;3;4;3;6;2;2;2;3;2;2;2;6;3;1;5;2;5;4;3;5;1;1;3;4;2;4;4;3;3;1;3;2;8;145;75;119;80;74;69;59;46;50;51;48;42;866; ;11/8/2021 15:13:46;1;0;13;13;0;0; ;15;1;1;1;1;0;0;0;0;0;1;1;,5;1;1;1;1;0;0;1;1;1;1;1;1;0;1;1;1;0;1;1;0;0;1;1;1;0;1;0;1;1;0;1;1;1;0;0;1;0;1;1;1;1;0;1;0;0;1;1;1;1;1;1;1;1;1;1;,5;1;1;1;0;0;1;1;0;1;0;0;1;1;1;1;1;1;1;1;1;1;,5;0;0;0;0;0;0;0;1;1;0;1;1;1;,541666666666667;,818181818181818;,75;,6;,5;,7;,944444444444444;,6;,571428571428571;,95;0;,714285714285714;,653282828282828;,738624338624339;,603571428571429;,665159531826199
82; ; ;base;interview;11/12/2021 12:39:51;204;2;6;3;5;6;6;2;5;1;5;4;5;2;2;3;5;4;6;1;3;3;5;6;4;6;6;4;6;5;5;5;2;2;5;1;3;2;5;3;4;6;2;2;1;1;3;3;4;3;3;6;5;2;3;6;1;5;3;3;3;4;2;2;5;2;5;1;3;3;40;54;49;40;45;39;38;46;29;30;32;33;26;501; ;11/12/2021 12:48:13;1;0;13;13;0;0; ;21;0;0;0;0;0;0;1;1;1;0;0;,5;1;1;0;1;1;0;1;1;1;0;0;0;0;0;0;1;1;1;1;1;1;1;1;1;,5;1;0;0;0;0;1;0;1;0;1;1;0;1;1;1;1;0;1;1;1;1;1;0;0;1;1;1;1;1;1;,5;0;0;0;0;0;0;1;1;1;0;1;1;0;0;1;1;1;0;0;1;1;,5;1;0;1;0;0;1;1;1;1;1;1;1;1;,291666666666667;,636363636363636;,5;,65;,5;,9;,722222222222222;0;,714285714285714;,55;,5;1;,526010101010101;,778835978835979;,6375;,647448693282027
85; ; ;base;interview;11/15/2021 17:22:53;111;6;1;1;3;2;4;5;4;1;1;2;3;5;4;2;5;2;5;1;1;2;5;5;6;6;6;4;4;4;2;6;1;1;4;1;2;6;6;5;5;5;1;1;1;4;2;3;2;5;2;2;4;1;2;3;4;2;1;3;5;5;3;3;4;4;5;2;3;2;54;78;63;63;75;58;62;45;31;49;41;72;39;730; ;11/15/2021 17:35:03;1;0;13;13;0;0;1;4;1;1;1;1;1;1;1;1;1;1;0;1;1;0;1;1;1;1;0;1;0;0;0;1;1;0;1;1;1;0;1;0;1;1;1;1;0;1;0;1;1;0;1;1;1;0;0;0;0;1;1;1;1;0;1;0;1;1;1;1;1;1;1;1;1;1;1;,5;1;1;1;1;1;1;1;0;1;0;1;1;1;0;0;1;0;1;1;1;0;1;1;1;1;0;0;1;1;1;1;1;1;1;0;,916666666666667;,545454545454545;,75;,7;,375;,8;,944444444444444;1;,714285714285714;,6;,666666666666667;,857142857142857;,720707070707071;,81957671957672;,718452380952381;,752912057078724
86; ; ;base;interview;11/26/2021 9:49:38;205;6;6;6;6;6;6;5;4;3;6;3;6;6;2;2;4;4;6;2;6;3;2;4;6;6;5;3;4;4;5;2;1;1;2;1;1;2;1;5;3;5;3;1;1;3;1;3;2;6;3;4;5;6;5;4;4;5;1;6;5;2;2;2;2;4;4;2;2;2;7087;112;111;116;176;157;108;100;39;54;52;88;53;944; ;11/26/2021 12:07:11;1;0;13;13;0;0; ;0;0;0;0;0;0;0;0;,5;0;0;0;,5;1;1;0;1;1;0;1;0;1;0;0;1;1;1;1;1;1;1;1;1;1;,5;1;1;1;0;1;1;1;1;1;1;1;0;1;1;1;1;1;1;1;0;1;0;1;1;1;0;1;0;1;1;0;1;1;0;1;1;1;1;1;1;0;1;1;1;0;0;1;0;0;1;0;1;0;1;0;1;1;1;0;0;0;0;0;1;1;1;1;0;0;,0833333333333333;,545454545454545;1;,85;,875;,8;,555555555555556;1;,571428571428571;,5;,333333333333333;,571428571428571;,492929292929293;,642328042328042;,601190476190476;,57881593714927
87; ; ;base;interview;12/17/2021 11:46:57;112;4;3;4;5;2;2;5;5;3;2;2;3;5;4;1;3;2;6;3;3;2;3;3;2;6;6;5;4;2;4;6;3;2;3;1;2;5;4;3;3;3;3;1;4;5;2;4;1;4;2;5;3;1;3;2;3;5;1;1;6;5;2;1;4;5;3;2;3;2;38;74;44;40;73;63;51;70;34;49;35;44;40;655; ;12/17/2021 11:57:52;1;0;13;13;0;0; ;7;1;0;1;1;0;0;1;0;0;1;1;,5;1;0;1;1;1;1;0;0;0;0;0;1;1;1;1;1;1;1;1;0;0;,5;0;0;1;0;0;0;0;0;1;1;1;0;0;0;0;1;1;1;1;1;,5;1;1;1;1;1;1;1;0;1;0;0;1;0;1;1;1;1;1;1;1;1;1;0;1;1;1;1;0;1;1;1;1;1;1;,5;1;1;1;1;0;1;0;1;1;0;1;1;0;,541666666666667;,454545454545455;1;,15;,375;,95;,555555555555556;1;,857142857142857;,85;,833333333333333;,571428571428571;,382070707070707;,787566137566138;,813690476190476;,66110910694244
88; ; ;base;interview;1/7/2022 11:42:09;206;5;1;2;4;2;3;4;4;1;3;3;1;1;2;4;1;2;4;1;3;3;1;6;5;4;5;3;5;2;5;3;1;1;4;1;2;3;2;5;2;4;2;1;2;2;2;2;1;3;1;4;4;1;3;4;4;3;1;3;2;3;2;2;3;2;3;2;5;1;15;76;59;54;48;66;32;67;28;31;38;55;35;604; ;1/7/2022 11:52:13;1;0;13;13;0;0; ;16;1;1;1;1;1;1;1;,5;1;1;1;1;1;0;1;1;1;1;1;1;0;1;1;0;0;0;0;1;0;1;1;1;1;,5;1;1;,5;1;1;1;0;0;1;0;1;0;0;1;0;1;1;1;1;0;1;0;1;1;1;1;1;0;1;1;0;1;1;0;0;0;1;0;1;1;1;1;1;,5;1;1;1;0;0;1;1;1;1;1;0;1;0;0;1;0;0;1;1;0;1;0;1;1;0;,958333333333333;,818181818181818;,375;,8;,375;,8;,666666666666667;,4;,928571428571429;,7;,333333333333333;,571428571428571;,858838383838384;,798412698412699;,494940476190476;,717397186147186
90; ; ;base;interview;1/10/2022 14:27:37;113;4;1;1;4;3;3;4;6;1;6;3;2;2;2;1;3;3;6;1;2;3;4;1;2;2;4;2;2;1;3;5;3;1;3;1;1;3;2;4;1;5;1;1;1;2;1;1;1;2;1;5;4;1;4;2;2;3;1;2;4;3;3;1;5;2;4;1;2;1;11;30;72;49;39;52;55;64;28;32;34;35;40;541; ;1/10/2022 14:36:38;1;0;13;13;0;0; ;27;1;1;1;1;1;1;1;1;1;1;1;,5;1;1;1;1;1;1;1;1;1;1;1;0;1;0;0;1;1;1;1;1;1;1;0;1;0;0;0;0;1;0;0;0;1;0;0;1;1;1;1;1;1;1;,5;1;1;1;1;1;1;1;1;1;0;1;1;,5;1;1;1;0;0;1;1;1;1;,5;1;1;1;1;0;1;0;1;,5;1;1;1;1;0;1;1;0;1;1;1;1;1;1;1;0;,958333333333333;1;,625;,5;,375;,95;,833333333333333;,6;,928571428571429;,75;,666666666666667;,857142857142857;,819444444444445;,903968253968254;,724702380952381;,81603835978836
91; ; ;base;interview;1/11/2022 17:14:35;114;1;1;1;6;3;6;2;5;1;2;3;2;5;1;2;2;4;6;1;6;6;1;5;5;6;6;1;1;5;2;6;1;1;6;1;1;1;2;5;5;6;1;2;1;1;1;1;3;5;1;2;6;6;3;3;2;6;2;1;1;6;4;1;6;2;5;2;1;2;43;74;63;59;54;57;42;53;31;31;47;43;38;635; ;1/11/2022 17:25:11;1;0;13;13;0;0; ;7;0;0;0;1;1;1;1;1;1;1;0;1;1;0;0;1;1;1;1;1;0;0;1;1;1;1;1;1;1;1;1;1;1;,5;1;1;,5;0;1;1;0;0;1;1;1;0;1;1;1;1;1;1;1;0;1;0;1;1;1;0;0;1;1;1;1;1;1;1;0;0;0;0;0;1;0;1;1;1;0;0;1;1;1;1;1;0;1;1;1;0;0;0;1;1;0;1;1;0;1;1;1;0;0;,666666666666667;,636363636363636;1;,7;,75;,8;,777777777777778;0;,571428571428571;,8;,5;,571428571428571;,667676767676768;,716402116402116;,717857142857143;,700645342312009
92; ; ;base;interview;1/17/2022 10:48:04;207;4;2;2;5;4;2;3;4;2;2;2;2;3;2;3;2;2;5;2;3;3;2;4;4;4;3;2;3;3;4;4;2;2;4;1;2;3;2;3;3;3;2;2;4;3;2;3;2;3;2;3;4;2;3;3;3;4;2;2;3;2;2;2;3;2;3;2;3;4;4844;58;61;47;66;59;59;63;33;34;40;45;41;645; ;1/17/2022 12:18:54;1;0;13;13;0;0; ;6;1;1;0;1;1;0;1;1;0;1;1;0;1;0;1;1;1;1;0;0;0;0;,5;1;0;1;1;1;1;1;1;1;1;,5;1;1;,5;1;1;1;0;1;1;1;1;1;1;1;1;1;1;1;1;0;1;1;1;1;1;1;1;0;1;1;1;1;1;,5;0;1;1;1;1;1;1;1;1;,5;1;1;1;1;0;1;1;1;1;1;1;,5;1;,5;0;0;0;1;1;0;1;0;0;1;1;,666666666666667;,5;,875;,8;1;,9;,833333333333333;,8;,928571428571429;,85;,416666666666667;,571428571428571;,655555555555556;,887301587301587;,678273809523809;,740376984126984
93; ; ;base;interview;1/19/2022 10:31:06;115;3;1;2;3;1;2;3;4;2;4;2;1;3;4;3;1;1;4;2;1;3;2;3;4;4;2;3;2;1;3;4;2;1;3;1;3;4;1;4;4;4;1;2;3;3;2;2;1;3;1;4;4;3;3;2;4;4;1;2;5;4;2;1;3;3;3;1;3;2;2248;62;65;61;92;73;66;56;61;41;80;50;54;800; ;1/19/2022 11:21:15;1;0;13;13;0;0; ;2;1;1;1;1;0;1;1;0;0;1;1;1;1;1;1;1;1;1;1;0;1;1;1;0;0;1;1;0;1;1;1;0;1;,5;1;1;0;1;1;1;1;1;1;1;1;1;0;0;1;1;1;1;1;1;1;1;1;1;0;1;1;0;1;1;1;1;1;1;0;1;1;0;1;1;0;1;1;1;1;1;1;1;0;1;0;1;1;1;1;1;1;1;1;1;0;1;0;1;1;0;1;1;1;,75;,909090909090909;,625;,75;,75;,9;,888888888888889;,6;,857142857142857;,8;,833333333333333;,714285714285714;,803030303030303;,882010582010582;,743154761904762;,809398548981882
94; ; ;base;interview;1/24/2022 14:49:20;116;5;2;4;5;1;3;5;4;3;3;2;1;6;3;4;1;2;4;2;4;3;4;2;2;4;6;4;3;1;4;5;3;2;4;1;1;5;4;4;3;4;1;2;2;3;2;4;3;5;2;2;4;2;4;4;4;5;1;3;5;4;3;1;2;4;3;2;3;2;68;76;67;49;72;90;57;72;72;56;50;40;60;792; ;1/24/2022 15:03:09;1;0;13;13;0;0; ;2;1;1;1;1;0;1;1;0;0;1;1;1;1;0;1;1;1;1;0;0;1;1;1;1;1;1;1;1;0;1;1;1;1;1;0;0;1;0;0;0;0;0;0;1;1;0;0;0;1;1;1;1;1;1;1;1;1;1;1;1;1;1;1;1;1;1;1;1;1;1;0;1;1;1;1;0;1;,5;,5;1;1;1;0;1;1;1;1;1;1;1;1;1;1;1;1;1;0;1;1;0;1;1;0;,75;,727272727272727;,875;,4;,375;1;1;,8;,714285714285714;,9;1;,571428571428571;,625757575757576;,904761904761905;,836607142857143;,789042207792208
95; ; ;base;interview;1/31/2022 14:40:10;117;4;2;3;5;1;4;3;4;1;5;2;2;3;2;4;2;2;5;2;2;2;5;4;4;4;4;1;2;3;5;5;4;2;5;1;3;3;3;4;2;5;3;2;4;3;2;4;2;4;1;3;5;2;4;3;4;3;1;2;3;2;3;1;3;4;3;1;2;2;62;91;73;68;68;65;87;76;43;49;111;45;48;824; ;1/31/2022 14:54:56;1;0;13;13;0;0; ;0;1;1;1;1;0;1;1;0;1;1;1;1;1;1;1;1;1;1;1;1;1;1;,5;1;0;1;1;1;1;1;1;0;0;1;1;1;,5;1;0;0;0;0;1;1;1;1;1;1;1;1;1;1;1;1;1;1;1;1;1;0;1;0;1;1;0;1;1;0;0;1;1;1;1;1;1;1;1;1;1;1;1;1;0;1;1;1;1;1;1;1;1;,5;1;1;0;1;0;1;1;1;1;1;1;,833333333333333;,954545454545455;,875;,45;,875;1;,555555555555556;,8;1;,9;,75;,857142857142857;,745959595959596;,851851851851852;,845535714285714;,814449054032387
96; ; ;base;interview;2/14/2022 12:35:22;118;3;2;2;5;1;5;2;5;1;6;2;2;2;3;2;5;5;5;1;3;2;6;2;2;6;6;2;3;1;3;6;2;2;5;3;2;2;3;5;2;6;1;1;1;5;1;5;2;3;2;5;6;6;3;3;2;2;1;2;3;2;3;5;1;2;3;1;2;3;58;69;77;60;74;72;73;82;40;46;74;71;55;851; ;2/14/2022 12:49:33;1;0;13;13;0;0; ;1;1;1;1;1;0;1;1;0;1;1;0;1;1;1;0;1;1;1;1;1;1;1;,5;0;0;0;0;1;1;0;0;1;1;1;1;1;1;0;0;0;0;0;1;1;1;0;0;1;0;1;1;1;1;0;1;0;1;1;1;1;1;1;1;1;1;1;1;,5;1;1;1;1;1;1;0;1;1;1;0;0;1;1;1;1;1;1;,5;1;0;1;0;1;0;0;1;0;1;1;1;1; ;1;1;,75;,863636363636364;,25;,6;,5;,8;,944444444444444;1;,571428571428571;,85;,333333333333333;1;,737878787878788;,771957671957672;,608333333333333;,706056597723264
97; ; ;base;interview;2/16/2022 12:35:08;119;5;2;3;5;2;2;4;4;1;5;2;1;6;3;5;2;2;6;1;4;5;4;5;6;3;3;3;2;1;6;5;2;1;5;1;3;3;4;6;5;6;2;2;4;3;2;1;1;4;2;3;5;2;5;4;2;6;1;1;6;5;4;1;2;5;4;2;5;3;39;76;65;69;67;109;63;67;29;61;47;62;31;785; ;2/16/2022 12:48:13;1;0;13;13;0;0; ;3;1;1;1;1;0;0;1;0;0;1;1;,5;1;1;1;1;1;1;1;1;1;1;1;1;1;1;1;1;1;1;1;1;1;1;1;1;0;1;1;1;1;0;0;1;1;1;0;1;1;1;1;1;1;1;1;1;1;1;1;1;1;1;1;1;1;1;1;,5;0;1;1;0;0;1;1;1;1;,5;1;1;1;1;1;1;1;1;1;1;1;,5;1;1;1;1;1;1;0;1;1;0;1;1;1;,625;1;1;,9;,625;1;,944444444444444;,4;,928571428571429;,95;1;,714285714285714;,841666666666667;,957671957671958;,916071428571429;,905136684303351
100; ; ;base;interview;2/28/2022 15:47:09;120;5;1;3;4;1;1;5;3;1;3;4;2;2;3;4;2;2;6;3;1;1;3;4;6;4;5;1;3;2;4;5;1;1;4;1;1;2;3;3;2;6;1;1;2;4;3;3;1;3;2;5;5;1;4;3;2;5;1;1;3;4;1;1;1;3;3;1;4;2;54;77;78;52;56;61;42;62;30;49;49;58;40;708; ;2/28/2022 15:58:57;1;0;13;13;0;0; ;3;1;1;1;1;0;0;1;0;0;1;1;,5;1;0;1;1;0;1;1;1;0;1;1;0;0;0;0;1;1;1;1;0;0;,5;1;1;,5;1;0;1;1;0;1;1;1;0;1;1;1;1;1;1;1;0;1;0;1;1;1;1;1;1;1;1;1;1;1;,5;1;1;1;0;1;1;1;1;1;0;1;1;1;1;1;1;1;1;1;1;1;,5;1;1;1;0;0;0;0;1;1;0;1;1;1;,625;,727272727272727;,5;,6;,75;,8;,944444444444444;,8;,857142857142857;,95;,5;,714285714285714;,650757575757576;,867195767195767;,666071428571429;,728008257174924
101; ; ;base;interview;3/2/2022 11:01:05;121;4;1;3;5;3;4;4;4;1;6;3;1;3;2;3;1;2;6;1;4;3;2;5;6;5;4;3;2;1;4;3;1;2;5;1;1;5;3;3;2;6;1;1;1;3;2;1;1;5;1;6;2;2;4;4;4;6;1;3;1;2;4;3;4;2;2;5;2;1;3058;91;75;101;50;72;60;66;51;68;69;58;48;848; ;3/2/2022 12:05:32;1;0;13;13;0;0; ;1;1;1;1;1;1;1;1;,5;1;1;1;1;1;1;1;1;1;1;1;1;1;1;1;1;0;1;1;1;1;1;1;1;1;1;1;1;1;1;1;1;1;1;1;1;1;0;0;1;1;1;1;1;1;0;1;0;1;1;1;1;1;1;1;1;1;1;1;,5;1;1;1;0;0;1;1;1;1;1;1;0;1;1;0;1;1;1;1;1;1;1;0;0;0;1;0;1;0;0;0;0;1;0;0;,958333333333333;1;,875;1;,75;,8;,944444444444444;,6;,857142857142857;,9;,333333333333333;,142857142857143;,986111111111111;,867195767195767;,562797619047619;,805368165784833
102; ; ;base;interview;4/8/2022 13:00:02;208;5;2;2;5;4;2;4;3;3;2;5;4;5;4;3;2;2;4;2;1;2;3;4;1;5;5;4;5;4;5;3;1;1;2;1;1;4;2;4;2;6;2;3;1;1;1;1;1;6;1;6;6;2;6;6;6;6;1;1;6;6;3;1;2;4;4;2;5;4;123;194;100;138;77;71;168;127;38;72;58;80;47;921; ;4/8/2022 13:21:36;1;0;13;13;0;0; ;0;1;1;1;1;1;0;1;1;0;1;1;0;1;0;0;0;0;0;0;1;0;0;1;1;1;1;1;0;1;1;1;0;0;1;1;0;0;0;0;0;0;0;1;0;1;0;0;1;0;1;1;1;1;0;1;0;1;1;1;1;1;0;1;1;0;1;1;1;0;0;0;0;0;1;1;1;1;1;1;1;1;1;0;1;1;1;1;1;1;,5;1;1;1;1;1;1;0;1;1;0; ;1;1;,75;,272727272727273;,875;,2;,375;,8;,777777777777778;0;1;,85;1;,666666666666667;,407575757575758;,859259259259259;,847916666666667;,704917227833895
103; ; ;base;interview;4/13/2022 12:26:06;209;3;2;1;5;5;4;3;3;1;5;4;2;5;3;2;1;1;6;1;2;3;2;3;3;3;4;4;3;1;4;4;2;2;3;1;3;4;1;3;4;6;1;1;2;2;2;4;2;5;1;6;6;2;3;4;4;6;1;3;6;5;2;1;3;3;3;2;4;3;44;59;54;50;46;67;53;62;46;56;40;43;36;656; ;4/13/2022 12:37:03;1;0;13;13;0;0; ;7;1;1;0;1;1;1;1;1;1;0;1;0;1;1;1;1;0;1;1;1;1;1;1;1;1;1;1;1;1;1;1;1;1;1;1;1;0;1;1;1;0;0;0;0;1;0;0;0;1;1;1;1;1;0;1;1;1;1;0;1;1;0;1;1;1;1;1;,5;0;0;0;1;1;1;1;1;1;1;1;1;1;0;0;1;1;1;1;1;1;1;1;1;1;1;0;1;0;1;1;0; ;1;1;,75;,909090909090909;1;,8;,25;,8;,833333333333333;,4;1;,8;,833333333333333;,666666666666667;,81969696969697;,877777777777778;,825;,840824915824916
104; ; ;base;interview;4/19/2022 16:46:45;122;4;2;3;5;1;5;4;4;1;6;3;2;3;2;2;3;4;6;1;5;4;3;4;5;5;4;2;2;2;5;6;4;2;5;1;3;4;4;5;4;6;1;3;4;4;1;2;1;4;1;3;5;2;5;4;3;6;2;1;6;5;2;1;1;4;3;1;4;2;37;121;122;150;84;118;94;132;60;66;95;79;87;883; ;4/19/2022 17:07:31;1;0;13;13;0;0; ;0;1;1;1;1;0;1;1;0;1;1;0;1;1;1;1;1;1;1;1;1;1;1;1;1;1;0;0;1;1;1;1;1;1;1;1;1;1;0;1;1;1;1;1;1;1;1;0;1;1;1;1;1;1;1;1;1;1;1;1;1;1;1;1;1;1;1;1;1;0;1;1;1;1;1;1;1;1;1;1;1;1;1;1;1;1;1;1;1;1;0;1;1;1;1;1;0;0;1;1;0;1;1;1;,75;1;,75;,9;,875;1;1;,8;1;,9;,833333333333333;,714285714285714;,883333333333333;1;,799404761904762;,894246031746032
105; ; ;base;interview;4/26/2022 17:34:41;210;4;1;3;2;1;2;3;4;1;6;3;2;3;2;4;3;2;5;1;2;3;1;4;4;4;5;4;5;3;5;6;2;2;4;2;2;2;3;5;6;6;3;3;2;2;2;2;2;5;2;5;4;2;6;2;6;5;1;3;4;5;5;2;3;2;5;1;5;4;77;102;78;113;91;161;127;110;39;92;94;85;53;1001; ;4/26/2022 17:55:04;1;0;13;13;0;0; ;0;1;1;1;1;0;1;0;0;0;1;0;1;1;1;1;1;1;1;1;1;1;1;1;1;0;0;1;1;1;1;1;1;1;,5;1;1;0;1;1;1;0;0;0;0;1;0;0;1;0;1;1;1;1;0;1;0;1;1;1;0;0;0;1;1;1;1;1;,5;0;0;0;0;0;1;1;1;1;,5;1;1;1;1;0;1;0;1;1;1;1;1;1;1;1;1;1;1;1;1;1;0;1;1;1;,583333333333333;1;,75;,75;,25;,8;,611111111111111;0;,928571428571429;,8;1;,857142857142857;,777777777777778;,77989417989418;,851785714285714;,803152557319224
116; ; ;base;interview;5/5/2022 15:48:23;211;3;1;1;6;1;4;2;5;1;6;1;1;5;1;4;1;1;6;1;5;3;1;5;6;1;1;2;2;2;6;1;1;2;5;1;1;3;5;3;2;5;1;2;2;1;1;2;1;3;2;6;5;1;4;3;6;4;1;1;2;6;3;1;5;2;6;6;2;2;77;94;99;105;172;96;58;73;38;50;53;56;47;912; ;5/5/2022 16:05:22;1;0;13;13;0;0; ;0;1;1;1;1;0;1;1;,5;1;1;1;1;1;1;1;1;1;1;1;0;1;1;,5;1;1;1;1;1;1;1;1;1;1;,5;1;1;1;1;1;1;1;0;0;0;0;1;0;1;1;0;0;0;0;0;1;0;1;1;1;1;1;1;1;1;1;1;1;1;0;0;0;1;1;1;1;1;1;0;1;1;1;1;0;1;1;1;1;1;1;,5;1;0;1;1;0;1;1;0;0;1;1;0;0;,875;,863636363636364;1;,95;,375;,4;1;,4;,857142857142857;,85;,666666666666667;,428571428571429;,896212121212121;,752380952380952;,736309523809524;,794967532467532
118; ; ;base;interview;5/5/2022 16:59:36;212;6;1;3;2;2;2;5;3;2;6;1;2;6;5;6;4;5;3;1;2;2;6;6;6;5;5;3;6;2;5;5;2;2;6;1;3;5;5;6;2;5;2;1;2;5;1;5;2;4;5;6;6;4;6;4;6;6;1;2;6;6;4;2;5;6;4;2;6;3;2693;126;99;66;76;103;268;41;24;26;23;31;15;722; ;5/17/2022 17:11:55;1;0;13;13;0;0; ;21;1;1;1;1;1;1;0;0;0;0;0;,5;1;1;1;1;1;1;1;0;1;1;0;1;0;1;1;0;0;0;0;1;1;1;1;1;,5;1;0;0;0;0;1;0;1;0;0;1;0;1;1;1;1;0;1;1;1;1;1;1;1;1;1;1;0;1;1;0;1;1;1;1;1;0;0;1;1;0;1;1;1;1;0;1;1;1;1;1;1;1;1;1;1;1;0;1;0;1;1;0;1;1;1;,541666666666667;,818181818181818;,375;,65;,375;,9;,777777777777778;1;,571428571428571;,9;,833333333333333;,714285714285714;,669949494949495;,74973544973545;,705654761904762;,708446568863236
119; ; ;base;interview;5/19/2022 14:55:42;213;5;2;3;3;2;2;2;6;1;2;2;4;5;1;3;1;3;6;1;1;1;1;3;3;6;6;3;3;2;3;6;1;1;4;1;3;5;4;4;3;5;1;1;2;2;2;2;2;3;3;3;3;2;4;4;4;5;1;1;5;4;2;2;2;3;4;2;3;3;32;122;96;171;97;119;79;100;50;99;73;75;96;937; ;5/19/2022 15:15:51;1;0;13;13;0;0; ;1;1;1;1;1;0;0;0;0;0;1;1;,5;1;0;0;1;1;1;1;1;0;0;0;1;1;1;1;1;1;1;1;0;0;,5;1;1;,5;1;0;1;0;0;1;1;1;0;0;0;0;1;1;1;1;0;1;0;1;1;1;1;1;1;1;1;1;1;1;,5;0;0;0;0;0;0;1;0;0;0;1;1;1;1;0;1;1;1;1;1;1;,5;1;1;1;0;0;0;1;1;1;1;1;1;1;,541666666666667;,545454545454545;1;,5;,375;,8;,944444444444444;0;,428571428571429;,85;,5;1;,529040404040404;,724338624338624;,8375;,696959676126343
121; ; ;base;interview;5/20/2022 15:37:13;123;4;5;2;5;2;2;4;2;2;1;1;2;2;2;2;1;5;6;1;2;2;3;1;2;6;5;4;3;2;1;4;1;1;2;1;1;3;2;5;1;2;1;1;2;6;1;4;1;1;2;4;5;1;4;5;5;5;2;2;2;5;2;1;2;3;3;2;2;1;87;57;58;85;73;57;55;62;36;41;51;60;47;769; ;5/20/2022 15:50:02;1;0;13;13;0;0; ;3;0;1;1;0;0;0;1;,5;0;1;1;,5;1;0;1;0;1;0;0;0;0;0;0;0;0;1;0;1;1;1;1;1;1;1;0;1;,5;0;0;0;1;1;1;1;1;0;0;0;0;1;1;1;1;0;1;0;1;1;1;1;1;1;1;1;0;1;1;,5;1;1;1;1;1;0;0;1;1;0;1;1;1;1;0;1;1;1;1;1;1;,5;1;,5;1;1;0;1;0;1;1;1;1;0;0;,5;,272727272727273;,625;,55;,5;,8;,833333333333333;1;,571428571428571;,85;,75;,571428571428571;,440909090909091;,734920634920635;,699107142857143;,624978956228956
126; ; ;base;interview;6/3/2022 14:55:43;124;5;1;3;4;2;1;4;3;1;1;3;3;6;5;2;2;1;3;2;1;3;5;4;2;2;6;2;3;1;5;4;1;1;5;2;3;4;3;5;2;5;2;1;2;4;4;2;1;6;2;6;5;6;5;1;1;5;1;3;6;4;3;1;5;5;2;1;5;1;33;99;46;48;53;50;46;76;70;46;41;64;37;674; ;6/3/2022 15:07:32;1;0;13;13;0;0; ;7;1;1;1;1;1;0;1;0;0;1;1;0;1;0;1;1;0;0;0;1;0;0;,5;1;1;1;1;0;1;1;1;0;1;1;1;0;0;1;0;0;0;0;0;0;1;0;0;1;1;1;1;1;1;0;1;0;1;1;1;1;1;1;1;1;0;1;1;0;1;0;1;0;1;1;0;1;1;1;,5;0;1;1;0;0;0;0;0;1;1;1;1;1;1;1;0;1;0;1;1;0;1;1;0;,666666666666667;,409090909090909;,875;,4;,375;,8;,777777777777778;,6;,642857142857143;,5;,833333333333333;,571428571428571;,491919191919192;,74021164021164;,694940476190476;,642357102773769
130; ; ;base;interview;6/7/2022 16:51:27;216;3;2;2;4;1;3;5;2;1;2;2;3;2;2;2;2;2;6;2;3;2;2;2;2;2;4;2;3;2;3;5;2;2;4;1;2;1;1;4;1;5;2;2;1;4;1;1;1;2;1;1;1;1;4;3;3;3;1;2;4;3;2;2;4;3;3;3;3;3;71;111;72;462;105;43;64;72;35;28;40;50;36;788; ;6/7/2022 17:11:16;1;0;13;13;0;0; ;6;1;1;1;1;0;1;1;0;1;1;1;1;1;0;1;1;0;0;1;1;0;0;0;0;0;0;0;1;1;1;1;1;0;,5;0;0;1;0;0;0;0;0;0;0;,5;0;0;1;0;1;1;1;1;0;1;1;1;1;1;0;0;0;1;1;0;1;1;,5;1;1;1;0;0;1;1;0;0;,5;,5;0;1;1;0;1;1;1;1;1;1;1;1;,5;1;0;0;1;0;0;0;0; ;0;0;,833333333333333;,454545454545455;,5;,25;,1875;,9;,5;,6;,428571428571429;,9;,583333333333333;0;,512626262626263;,609523809523809;,495833333333333;,539327801827802
131; ; ;base;interview;6/7/2022 17:17:48;214;5;3;1;6;4;6;6;3;1;6;6;1;4;2;2;1;1;6;1;2;1;1;5;6;2;2;1;3;3;5;6;2;2;4;1;2;6;2;6;4;6;1;4;3;3;2;3;3;6;3;3;6;1;4;3;5;5;1;2;4;4;2;1;2;2;4;1;6;2;10;78;57;23;15;17;18;34;16;43;21;14;35;381; ;6/7/2022 17:24:09;1;0;13;13;0;0; ;72;1;1;1;1;1;1;1;1;1;1;0;1;1;0;1;1;0;1;1;1;0;1;1;1;1;1;1;1;1;1;1;1;0;,5;1;1;1;1;0;1;1;0;1;0;0;1;1;1;1;1;1;1;1;0;1;1;1;1;1;1;1;1;1;1;1;1;1;1;0;1;0;1;0;1;1;0;1;0;1;1;1;1;0;1;1;1;1;1;1;1;1;1;1;1;0;1;1;1;1;0;1;1;1;,916666666666667;,727272727272727;1;,75;,625;,9;1;,4;,714285714285714;,9;,833333333333333;,857142857142857;,797979797979798;,871428571428571;,897619047619048;,855675805675806
132; ; ;base;interview;6/7/2022 17:27:11;215;3;1;1;3;1;5;3;4;1;1;2;2;5;2;5;4;1;6;1;1;5;6;3;6;6;6;5;3;3;5;4;1;1;4;1;2;4;3;2;3;6;2;1;1;4;2;1;3;4;2;2;3;1;4;5;5;4;1;2;3;4;4;1;2;3;4;1;4;3;12;24;18;18;26;16;49;32;28;29;15;11;49;327; ;6/7/2022 17:32:38;1;0;13;13;0;0; ;83;1;1;1;1;0;1;1;,5;1;1;0;1;1;0;1;1;1;1;0;1;0;0;,5;1;0;1;1;1;1;1;1;0;1;1;1;1;0;1;0;0;1;0;1;1;1;0;0;0;1;1;1;1;1;0;1;0;1;1;1;1;1;1;0;1;1;1;1;0;1;1;1;0;0;1;1;0;1;0;1;1;1;1;0;1;1;1;1;1;1;1;1;1;1;1;1;1;1;1;1;0;1;1;1;,791666666666667;,590909090909091;,875;,6;,5;,8;,777777777777778;,6;,714285714285714;,9;1;,857142857142857;,660858585858586;,764021164021164;,908035714285714;,777638488055155
133; ; ;base;interview;6/8/2022 11:34:24;125;3;2;3;2;2;2;4;2;2;4;3;3;4;2;3;2;2;4;1;1;1;2;3;4;2;2;2;3;3;4;4;3;2;3;1;1;3;2;3;2;3;1;2;3;2;2;3;1;3;2;4;3;1;3;2;3;5;2;2;3;2;2;2;3;2;4;2;3;3;48;56;73;49;60;50;55;65;35;35;39;57;35;657; ;6/8/2022 11:45:21;1;0;13;13;0;0; ;7;1;0;1;0;0;0;0;0;0;0;0;,5;1;0;1;0;0;0;1;1;1;1;,5;1;1;1;1;1;1;1;1;0;0;1;1;1;,5;1;0;1;1;0;0;0;0;1;1;1;1;1;1;1;1;1;,5;1;1;1;1;1;1;1;1;1;1;1;1;1;0;0;1;1;1;1;1;1;1;0;1;1;1;1;0;0;0;1;1;1;1;,5;1;,5;0;0;0;1;1;0;1;1;1;1;1;,208333333333333;,590909090909091;1;,65;,5;,95;1;,6;,857142857142857;,65;,416666666666667;,857142857142857;,483080808080808;,935714285714286;,730952380952381;,716582491582492
135; ; ;base;interview;6/13/2022 12:51:49;217;4;1;1;6;4;2;1;2;3;5;1;6;2;1;1;2;4;6;4;2;6;1;1;1;6;3;2;1;1;4;6;1;1;3;1;3;3;2;4;1;6;2;1;1;2;2;4;5;2;3;2;2;1;2;2;1;4;1;2;2;1;1;1;2;1;4;1;3;1;39;54;54;35;48;48;39;41;22;28;31;36;29;504; ;6/13/2022 13:00:14;1;0;13;13;0;0; ;22;1;1;0;1;1;1;1;1;1;1;1;0;0;1;0;0;1;0;1;0;1;0;0;1;1;0;0;1;1;1;1;0;1;0;0;0;0;0;1;0;0;1;1;1;1;1;0;1;1;1;1;1;1;0;1;0;1;1;0;1;1;0;1;1;0;1;1;0;1;0;0;1;0;0;1;0;0;0;1;1;1;0;1;1;0;0;0;1;1;1;1;,5;0;0;0;1;1;0;1;1;1;1;0;,833333333333333;,363636363636364;,75;,2;,875;,7;,666666666666667;,4;,428571428571429;,6;,416666666666667;,714285714285714;,465656565656566;,598412698412698;,620238095238095;,561435786435787
136; ; ;base;interview;6/16/2022 9:39:15;218;6;3;4;6;1;3;4;3;2;3;1;2;2;2;2;3;4;6;1;1;1;3;6;2;6;1;2;3;1;6;4;1;1;3;1;2;2;2;1;2;5;1;2;1;3;2;3;1;4;2;2;5;1;6;3;1;3;1;1;4;5;1;1;3;4;2;1;2;2;50;52;53;71;57;42;52;42;25;38;33;58;29;602; ;6/16/2022 9:49:18;1;0;13;13;0;0; ;13;1;1;1;1;0;0;1;0;0;1;1;1;1;0;1;1;1;1;1;0;1;1;0;0;0;0;0;1;1;1;1;0;0;1;1;1;,5;1;0;0;0;1;1;1;1;1;0;1;1;1;1;1;1;0;1;0;1;1;1;1;0;1;0;0;1;1;1;1;1;1;1;1;1;1;1;0;1;0;1;1;1;1;1;1;1;0;,5;1;1;,5;1;1;1;0;0;1;0;1;1;0; ;1;1;,666666666666667;,727272727272727;,5;,45;,875;,8;,666666666666667;1;,714285714285714;,8;,666666666666667;,666666666666667;,614646464646465;,726984126984127;,658333333333333;,666654641654642
137; ; ;base;interview;6/16/2022 11:23:00;219;4;2;3;3;2;4;5;2;2;5;4;3;3;2;3;3;2;4;2;2;3;4;3;3;3;6;3;4;3;4;3;2;1;3;2;2;3;3;3;2;6;1;2;2;2;2;3;3;5;3;4;4;3;3;2;3;3;2;2;4;5;3;1;4;3;3;2;2;3;26;85;53;46;45;44;44;39;22;82;48;97;37;668; ;6/16/2022 11:34:08;1;0;13;13;0;0; ;13;1;1;1;1;0;1;0;0;1;1;0;1;1;0;1;0;0;0;1;1;1;1;1;1;0;0;1;1;1;1;1;0;1;1;1;1;0;1;0;0;0;0;0;0;,5;0;0;1;0;1;1;1;1;1;1;0;1;1;1;1;1;1;1;1;1;1;1;1;0;0;0;1;0;1;1;1;1;,5;1;1;1;1;0;0;0;1;1;1;1;,5;1;,5;1;1;0;1;0;1;1;1; ;0;1;,666666666666667;,636363636363636;,75;,5;,1875;,9;1;,2;,928571428571429;,65;,75;,666666666666667;,601010101010101;,942857142857143;,704166666666667;,749344636844637
138; ; ;base;interview;7/7/2022 11:43:57;126;3;2;2;4;1;2;2;4;2;4;2;2;3;2;3;2;2;5;2;2;3;3;2;5;4;3;3;2;4;4;5;2;1;4;3;1;3;3;2;2;3;1;1;2;4;1;1;1;3;3;3;4;2;3;2;2;6;1;2;3;2;2;2;3;2;5;2;2;3;48;262;71;96;57;62;65;61;36;48;65;43;44;774; ;7/7/2022 11:59:56;1;0;13;13;0;0; ;1;1;1;1;1;0;0;1;0;0;1;1;1;0;1;0;1;1;1;1;0;1;1;,5;1;0;1;1;1;1;1;1;0;1;1;0;1;0;1;0;1;1;1;1;1;,5;1;1;1;1;1;1;1;1;1;1;0;1;1;1;1;1;1;1;1;1;1;1;,5;1;1;1;0;0;0;1;0;1;0;1;1;1;1;0;1;0;1;,5;1;1;1;1;,5;0;0;0;1;1;0;1;1;1;0;1;,666666666666667;,681818181818182;,875;,6;,9375;,9;,944444444444444;,6;,571428571428571;,75;,416666666666667;,714285714285714;,649494949494949;,805291005291005;,688988095238095;,714591350008017
139; ; ;base;interview;7/8/2022 11:47:41;127;3;6;6;1;4;1;2;2;6;2;4;6;4;3;6;5;2;1;6;3;3;2;5;6;1;1;3;3;6;2;2;6;5;2;6;6;1;2;2;2;2;6;5;2;5;2;2;2;2;5;5;1;3;4;2;5;2;6;6;1;1;2;6;5;4;2;6;5;2;17;103;100;95;96;63;51;61;49;47;89;42;52;865; ;7/8/2022 12:02:06;1;0;13;13;0;0; ;6;0;0;0;0;0;0;0;0;0;0;0;0;0;0;0;0;0;0;0;0;0;0;0;1;0;0;1;0;0;0;0;0;0;0;0;0;,5;1;1;1;1;0;0;0;0;1;1;0;0;0;0;0;0;1;0;0;0;0;0;0;0;0;0;0;0;0;0;0;1;1;1;0;0;0;0;0;0;0;1;0;0;0;0;0;0;0;0;0;0;,5;0;0;0;0;0;0;0;0;0;0; ;0;0;0;0;,25;,45;,25;,1;0;,6;,142857142857143;,05;0;0;,15;,080952380952381;,075;,101984126984127
140; ; ;base;interview;7/26/2022 16:29:20;128;5;1;2;3;3;6;6;3;1;6;5;3;4;2;3;2;2;4;1;1;5;2;4;6;6;5;4;4;4;2;2;1;1;4;3;1;2;3;5;4;5;2;4;1;2;3;2;1;4;1;3;4;2;5;4;5;6;1;3;4;2;4;2;4;2;4;2;2;1;46;105;104;74;78;80;53;81;39;65;64;86;68;943; ;7/26/2022 16:45:03;1;0;13;13;0;0; ;0;1;1;1;1;1;1;1;1;1;0;0;1;1;0;1;1;0;0;1;1;1;1;1;1;1;1;1;1;1;1;1;0;1;1;1;1;0;1;1;1;1;1;1;1;1;0;0;0;0;1;1;0;1;0;1;0;1;1;1;0;0;1;1;1;1;1;1;1;1;0;1;0;1;1;1;1;1;1;1;1;1;1;0;1;1;1;1;1;1;1;1;,5;0;1;0;1;1;0;1;1;1;0;0;,833333333333333;,727272727272727;1;,8;,5;,7;,777777777777778;,6;1;,9;,583333333333333;,571428571428571;,786868686868687;,825925925925926;,763690476190476;,792161696328363
141; ; ;base;interview;8/4/2022 17:34:40;129;5;1;3;5;1;4;4;3;2;2;1;2;6;1;5;2;1;6;1;2;3;3;3;5;6;6;6;2;1;5;6;3;1;6;1;1;6;5;5;2;6;1;1;6;3;2;4;1;6;1;4;6;4;4;4;6;5;1;3;3;4;4;1;3;2;6;2;5;2;32;99;135;61;76;49;54;66;36;46;48;56;55;743; ;8/4/2022 17:48:13;1;0;13;13;0;0; ;2;1;1;1;1;0;1;1;0;1;1;1;1;1;0;1;1;1;1;0;0;1;0;0;1;1;1;1;1;1;1;1;1;1;1;1;1;0;1;0;1;1;0;0;1;1;0;0;0;1;1;1;1;1;1;1;1;1;1;1;1;1;1;1;1;1;1;1;,5;0;1;1;1;1;1;1;1;1;1;,5;1;1;1;0;1;1;1;1;1;1;1;1;,5;1;1;1;1;1;0;1;1;1;1;0;,833333333333333;,545454545454545;1;,8;,375;1;,944444444444444;,8;,928571428571429;,9;,916666666666667;,714285714285714;,726262626262626;,957671957671958;,882738095238095;,855557559724227
142; ; ;base;interview;8/8/2022 12:18:44;130;3;2;4;4;4;3;5;3;2;5;4;2;3;2;2;3;2;5;2;5;4;4;3;3;5;6;4;3;2;3;4;2;2;4;2;2;3;3;2;3;5;4;2;2;5;2;2;2;4;2;4;4;3;3;3;3;4;2;2;3;3;3;2;2;2;4;3;4;3;37;50;61;57;52;60;47;50;34;40;47;44;41;620; ;8/8/2022 12:29:04;1;0;13;13;0;0; ;7;1;0;0;1;1;1;0;,5;0;0;1;0;1;0;1;1;0;1;1;1;1;1;1;1;1;0;1;1;1;1;1;1;1;1;1;1;1;0;0;0;0;0;1;1;1;0;0;0;0;1;1;1;1;0;1;0;1;1;1;0;1;0;0;0;0;1;1;0;1;1;1;0;0;1;1;1;1;1;1;1;1;1;0;1;1;1;1;1;1;,5;1;1;1;1;1;0;1;0;1;0;1;1;0;,458333333333333;,818181818181818;,875;,6;,375;,8;,333333333333333;,6;1;,85;,833333333333333;,571428571428571;,62550505050505;,711111111111111;,782440476190476;,706352212602213
143; ; ;base;interview;8/11/2022 17:35:15;131;3;1;1;6;1;5;5;5;2;6;1;1;2;2;2;3;3;6;1;2;1;1;1;6;5;6;3;2;2;2;6;2;1;6;2;1;5;1;2;3;6;1;1;1;3;2;1;1;3;1;4;6;1;6;4;3;5;1;6;6;3;2;1;1;2;3;1;5;2;33;88;100;219;68;133;94;144;48;94;130;65;62;886; ;8/11/2022 17:56:33;1;0;13;13;0;0; ;1;1;1;1;1;0;1;1;,5;1;1;1;1;1;1;1;1;1;1;1;0;1;1;,5;0;0;0;0;1;1;1;1;1;0;,5;0;1;1;1;0;1;1;0;1;1;1;0;0;0;0;1;1;1;1;1;1;0;1;1;1;1;1;0;1;1;1;1;1;,5;1;1;1;0;0;1;1;1;1;,5;1;1;1;0;1;1;0;1;0;1;0;1;1;1;1;1;1;0;1;1;1;0;1;1;1;,875;,863636363636364;,5;,65;,375;,9;,833333333333333;,6;,928571428571429;,6;,833333333333333;,857142857142857;,796212121212121;,887301587301587;,697619047619048;,793710918710919
144; ; ;base;interview;9/14/2022 11:32:29;132;6;1;4;6;2;1;5;5;3;2;1;1;3;1;1;1;1;6;1;2;3;2;1;1;4;6;2;2;1;2;4;1;1;3;1;1;4;1;3;1;3;1;1;1;4;1;1;1;2;1;2;3;1;1;2;2;2;1;1;4;2;1;1;1;1;5;1;1;2;15;58;43;51;42;40;44;66;25;32;36;46;50;548; ;9/14/2022 11:41:37;1;0;13;13;0;0; ;20;1;1;1;1;1;0;1;0;0;1;1;0;1;0;1;1;1;1;0;0;1;1;,5;1;1;1;1;1;1;1;1;1;1;1;0;0;0;0;1;0;0;0;1;1;1;0;0;0;0;1;1;1;1;0;1;0;1;1;1;1;1;0;1;1;0;1;1;,5;1;1;1;0;0;1;1;1;1;,5;1;1;0;0;0;1;1;1;1;1;1;,5;1;1;1;0;0;0;1;0;1;1;1;0;1;,666666666666667;,681818181818182;1;,4;,375;,8;,722222222222222;,6;,928571428571429;,65;,5;,714285714285714;,582828282828283;,816931216931217;,716071428571429;,705276976110309
146; ; ;base;interview;9/14/2022 16:34:19;133;6;3;1;3;5;5;5;5;1;6;4;1;2;1;6;3;6;6;3;1;4;6;6;6;5;6;3;1;6;6;6;5;1;5;2;1;6;2;6;2;6;1;1;4;4;1;5;1;6;3;2;6;3;6;4;5;6;1;1;2;4;6;2;4;1;3;1;6;4;45;127;100;96;89;103;103;122;89;73;79;84;67;1014; ;9/14/2022 16:53:56;1;0;13;13;0;0; ;0;1;1;1;0;1;1;1;1;1;0;0;,5;1;1;1;1;1;1;1;1;1;1;1;1;0;0;0;1;0;1;0;0;1;1;1;1;0;1;0;0;0;0;1;1;0;0;1;1;1;1;1;1;1;1;,5;1;1;1;1;1;1;1;1;1;1;1;1;,5;0;1;1;1;1;1;1;0;1;,5;0;1;1;1;0;1;1;1;1;1;1;,5;0;0;1;1;1;1;1;0;1;0;0;1;1;,708333333333333;1;,375;,5;,625;,95;,944444444444444;,8;,642857142857143;,85;,666666666666667;,571428571428571;,736111111111111;,845767195767196;,615773809523809;,732550705467372
147; ; ;base;interview;9/19/2022 17:29:58;134;3;1;2;4;1;2;5;4;3;2;1;3;2;2;2;1;2;6;1;2;4;4;1;1;4;2;2;5;1;6;4;1;1;3;1;1;3;2;6;3;5;1;1;2;4;3;2;1;3;4;4;5;1;4;2;2;3;1;1;3;4;3;1;2;2;2;1;4;1;50;53;51;48;51;49;58;76;33;41;36;46;37;629; ;9/19/2022 17:40:27;1;0;13;13;0;0; ;9;1;1;1;1;0;1;1;0;0;1;1;1;1;0;1;1;1;1;0;0;1;0;0;0;0;1;0;1;1;1;1;1;1;1;0;0;0;0;0;0;0;1;1;0;1;1;0;1;1;1;1;1;1;0;1;0;1;1;1;1;1;1;1;1;1;1;1;,5;1;1;1;0;1;0;1;0;1;0;1;1;1;1;0;1;1;1;1;1;1;,5;1;1;1;1;1;1;0;1;1;0;1;1;0;,75;,545454545454545;,625;,3;,75;,8;,944444444444444;,8;,571428571428571;,85;1;,571428571428571;,531818181818182;,771957671957672;,761607142857143;,688460998877666
148; ; ;base;interview;9/29/2022 12:49:05;221;5;4;4;6;2;1;4;3;2;3;2;2;2;3;1;3;4;6;2;1;3;3;3;4;4;5;2;1;2;4;5;2;2;5;2;1;5;2;2;1;3;1;2;1;3;2;2;1;3;4;3;5;1;3;2;2;5;1;2;3;5;3;1;2;3;5;1;2;3;8;11185;55;80;73;51;46;33;26;74;35;41;37;637; ;9/29/2022 16:04:51;1;0;13;13;0;0; ;25;1;1;1;1;0;0;1;0;0;1;1;0;1;0;1;1;1;1;1;0;1;1;,5;0;1;0;0;1;1;1;1;0;1;1;1;1;0;1;0;1;1;0;1;1;1;0;0;1;1;1;1;1;1;0;1;0;1;1;1;1;1;1;1;0;0;1;1;1;1;1;1;0;1;0;1;0;1;0;1;1;1;1;0;1;0;1;,5;1;1;1;1;1;1;1;1;1;1;1;1;1;1;1;1;,583333333333333;,772727272727273;,625;,7;,625;,8;,777777777777778;,8;,571428571428571;,75;1;1;,685353535353535;,716402116402116;,84375;,748501883918551
152; ; ;base;interview;9/30/2022 13:38:41;220;2;1;2;6;3;6;4;5;1;6;4;2;2;2;1;6;5;6;1;1;4;4;6;4;3;2;2;3;1;6;6;2;3;6;3;3;6;4;6;4;6;1;1;2;3;2;2;1;2;2;4;6;1;3;3;5;6;1;2;3;5;5;2;2;3;3;2;3;3;6;1219;74;84;84;35;30;36;24;562;37;38;36;610; ;9/30/2022 14:16:27;1;0;13;13;0;0; ;35;1;0;0;1;1;1;1;1;1;1;0;1;1;1;1;1;1;1;1;1;1;1;1;0;1;0;0;1;1;0;1;0;1;1;1;1;0;1;0;0;0;1;1;0;1;1;0;1;1;1;1;1;1;0;1;0;1;1;1;1;1;1;1;1;1;1;1;,5;1;1;1;0;1;0;1;1;1;0;1;1;1;1;0;1;1;1;1;1;1;1;1;1;1;1;1;0;0;1;1;0; ;1;1;,75;1;,5;,5;,75;,8;,944444444444444;,8;,714285714285714;,9;,833333333333333;,666666666666667;,75;,81957671957672;,725;,764858906525573
153; ; ;base;interview;10/14/2022 13:55:01;135;4;1;2;3;2;2;3;3;2;1;2;2;2;2;1;3;1;4;1;1;4;4;3;1;6;3;2;3;1;2;1;1;1;5;1;1;3;3;5;1;3;1;1;4;2;2;2;2;3;1;1;6;1;2;2;2;4;1;1;1;4;3;1;1;2;2;1;1;1;2428;50;53;62;52;51;60;53;32;38;57;44;37;628; ;10/14/2022 14:45:18;1;0;13;13;0;0; ;8;1;1;1;1;1;1;1;,5;0;1;1;,5;1;0;1;1;1;1;0;0;0;0;,5;0;1;0;1;1;1;1;1;0;1;1;1;0;0;0;0;0;0;1;1;1;1;0;0;0;0;0;0;0;0;0;1;0;1;1;1;1;1;1;1;1;0;1;1;,5;0;0;0;0;0;1;1;0;1;,5;,5;1;1;1;0;1;1;1;1;1;1;,5;0;,5;1;1;1;0;0;1;1;1;1;0;0;,833333333333333;,5;,75;,3;,5;,4;,833333333333333;0;,714285714285714;,85;,583333333333333;,571428571428571;,544444444444445;,649206349206349;,688690476190476;,62744708994709
155; ; ;base;interview;10/20/2022 17:46:39;136;5;2;4;4;2;3;4;4;2;3;3;2;2;3;1;2;3;4;2;1;2;5;4;3;3;3;2;4;3;4;2;1;1;2;1;1;2;1;4;2;3;2;1;2;2;3;2;2;2;3;3;4;2;4;2;4;3;1;1;2;3;1;1;3;3;3;2;2;2;79;55;45;60;53;55;81;51;23;35;40;39;59;675; ;10/20/2022 17:57:54;1;0;13;13;0;0; ;11;1;1;1;1;0;1;0;0;0;1;1;1;1;0;1;1;1;1;1;1;0;1;1;0;1;0;0;1;1;1;1;0;0;1;1;1;0;1;0;0;0;0;1;0;,5;1;1;1;0;1;1;1;1;0;1;0;1;1;1;0;1;0;1;1;0;1;1;0;0;0;0;0;0;0;0;0;1;0;1;1;1;1;0;1;1;1;1;1;1;,5;1;0;1;0;0;1;0;1;1;1;1;0;0;,666666666666667;,818181818181818;,625;,4;,5625;,8;,555555555555556;0;,428571428571429;,85;,5;,571428571428571;,628282828282828;,594708994708995;,636607142857143;,619866321949655
156; ; ;base;interview;10/21/2022 9:48:18;222;5;1;3;3;1;3;4;3;1;6;2;2;6;1;6;1;2;6;3;1;2;3;6;6;2;2;2;2;2;6;4;2;1;6;1;3;1;1;6;1;6;1;3;1;1;1;1;1;6;1;3;6;4;6;1;5;6;1;1;6;5;1;1;4;2;6;2;3;3;124;66;85;40;55;63;50;58;33;39;37;37;44;731; ;10/21/2022 10:00:29;1;0;13;13;0;0; ;8;1;1;1;1;0;1;0;0;0;1;0;1;1;1;1;1;1;1;1;1;1;1;,5;1;0;1;1;1;0;1;1;0;0;,5;1;1;0;1;0;1;0;0;0;0;,5;1;0;1;1;1;1;1;1;1;1;1;1;1;1;0;0;0;1;1;0;1;1;1;0;0;0;0;0;1;1;1;1;1;0;1;1;1;0;0;0;1;1;1;1;,5;1;1;1;0;0;1;1;0;1;1;1;1;1;,583333333333333;,954545454545455;,75;,45;,4375;1;,555555555555556;0;,857142857142857;,65;,666666666666667;,857142857142857;,662626262626263;,804232804232804;,730952380952381;,732603815937149
157; ; ;base;interview;10/24/2022 14:55:54;223;2;3;1;6;5;6;2;5;3;6;6;3;3;2;5;2;2;6;2;4;5;5;2;4;2;6;5;2;6;4;2;2;1;4;1;1;3;3;6;3;4;2;3;1;2;2;2;2;4;4;3;4;2;5;4;2;4;2;2;3;3;4;3;5;2;5;2;2;4;38;38;45;50;42;53;42;43;28;24;63;29;37;532; ;10/24/2022 15:04:46;1;0;13;13;0;0; ;20;0;1;0;1;1;1;1;1;1;1;0;1;0;1;0;1;0;1;1;1;0;1;1;1;0;1;1;1;1;1;1;1;1;1;0;1;0;0;0;0;1;0;0;0;0;0;1;0;1;0;1;1;1;1;1;1;1;1;1;1;0;1;1;1;1;1;1;1;1;0;0;0;0;0;1;0;0;0;1;1;1;1;1;1;1;0;,5;1;1;,5;0;0;0;1;0;1;1;0;1;1;1;0;1;,75;,636363636363636;,875;,5;,25;,9;,888888888888889;,2;,428571428571429;,8;,333333333333333;,714285714285714;,628787878787879;,739153439153439;,680654761904762;,682865359948693
158; ; ;base;interview;10/26/2022 16:18:39;137;4;2;5;2;1;1;5;2;1;3;1;5;6;1;4;1;1;3;2;1;2;6;3;1;2;2;1;1;1;4;6;1;1;5;1;1;3;2;2;2;4;1;1;3;1;1;2;1;2;3;2;5;1;4;3;1;4;1;4;2;2;1;1;5;4;2;1;3;2;51;93;49;44;53;48;60;58;27;58;54;54;48;697; ;10/26/2022 16:30:16;1;0;13;13;0;0; ;6;1;0;1;0;0;0;0;0;0;1;1;,5;1;0;0;1;1;0;1;0;1;0;0;1;1;1;1;1;0;1;1;0;0;1;1;0;0;0;0;0;0;0;1;1;1;1;0;1;1;1;1;1;1;0;1;0;1;1;1;1;1;1;1;1;1;1;1;,5;0;0;0;1;1;0;1;0;1;0;1;1;1;0;1;1;0;0;0;1;0;1;1;0;1;0;0;1;0;1;1;0; ;1;1;,375;,454545454545455;,875;,2;,75;,8;,944444444444444;,4;,571428571428571;,5;,5;,666666666666667;,343181818181818;,771957671957672;,635416666666667;,583518718935386
159; ; ;base;interview;10/27/2022 16:58:29;224;5;2;3;4;1;1;5;4;2;3;2;2;4;2;1;2;1;6;1;3;1;3;3;2;4;3;1;3;3;5;5;2;1;2;1;1;4;4;3;3;6;2;2;2;3;2;2;2;5;3;3;3;2;4;4;2;3;1;2;6;4;2;1;3;4;3;1;5;2;39;70;44;51;46;41;41;58;26;43;36;32;43;570; ;10/27/2022 17:07:59;1;0;13;13;0;0; ;13;1;1;1;1;0;0;1;0;0;1;1;,5;1;0;1;1;1;1;1;0;1;1;,5;1;1;1;1;1;1;1;1;1;0;1;1;1;1;0;0;0;0;1;1;1;1;1;1;1;1;1;1;1;1;1;,5;1;1;1;1;1;1;1;1;1;1;1;1;,5;1;1;1;0;0;1;1;0;0;0;1;1;1;1;1;1;1;1;,5;1;1;1;1;1;1;1;0;1;0;1;1;0;1;1;1;,625;,772727272727273;1;,5;1;,95;,944444444444444;,6;,571428571428571;,95;,833333333333333;,714285714285714;,632575757575758;,821957671957672;,874404761904762;,776312730479397
160; ; ;base;interview;11/10/2022 17:24:40;225;3;5;3;6;5;2;5;6;1;6;5;2;2;2;3;1;1;6;2;4;4;4;1;3;6;6;6;2;6;6;6;5;1;5;1;3;4;4;6;6;6;2;1;1;1;1;3;4;6;6;3;5;1;6;3;2;5;2;3;6;2;3;1;5;2;3;5;6;2;38;136;92;62;94;120;53;72;32;85;76;66;42;909; ;11/10/2022 17:40:48;1;0;13;13;0;0; ;1;0;0;0;1;0;0;1;1;0;1;1;0;1;1;1;1;1;1;1;1;1;1;1;0;0;1;1;1;1;1;1;1;1;1;0;1;,5;0;0;0;1;0;0;1;,5;0;0;0;1;1;1;1;1;1;,5;1;1;1;1;1;1;1;1;1;1;1;1;0;0;0;0;1;0;0;1;0;0;0;1;1;1;1;1;1;0;0;0;1;1;1;1;1;1;1;0;1;1;0;0;0;1;1;0;,416666666666667;1;,75;,55;,3125;,95;,888888888888889;,2;,428571428571429;,7;,833333333333333;,428571428571429;,655555555555556;,755820105820106;,677976190476191;,696450617283951
161; ; ;base;interview;11/15/2022 16:55:13;226;4;1;2;5;3;4;3;4;1;3;3;2;3;2;1;2;3;6;1;3;3;5;2;2;3;4;2;4;3;3;3;2;1;5;1;2;6;4;3;2;5;1;1;2;4;2;2;2;6;3;2;3;1;3;3;1;3;2;2;3;3;3;1;2;3;4;2;3;3;37;84;44;36;44;50;31;53;30;38;40;47;33;567; ;11/15/2022 17:04:41;1;0;13;13;0;0; ;15;1;1;1;1;1;1;1;1;1;1;1;1;1;0;1;1;1;1;1;1;0;1;1;1;1;1;0;1;1;1;1;1;1;1;1;1;,5;0;0;0;0;0;1;0;,5;0;1;1;0;1;1;1;1;1;1;1;1;1;1;1;1;1;1;1;1;1;1;,5;1;1;1;0;0;1;1;0;0;0;1;1;1;1;1;1;1;0;0;1;1;,5;1;1;1;1;1;1;1;1;1;1;1;1;1;1;,818181818181818;,875;,55;,4375;1;,944444444444444;,6;,571428571428571;,75;1;1;,789393939393939;,838624338624339;,90625;,844756092672759
162; ; ;base;interview;12/9/2022 10:50:36;227;2;2;1;3;2;2;2;2;1;3;4;2;2;3;1;3;3;6;2;1;2;3;2;3;4;6;2;5;6;4;5;3;1;5;2;1;4;2;4;1;5;1;1;5;4;1;1;1;6;4;4;3;2;3;2;3;4;1;1;3;2;3;2;2;3;5;2;3;2;201;86;112;74;82;81;89;102;40;60;64;59;57;945; ;12/9/2022 11:09:04;1;0;13;13;0;0; ;0;0;1;0;1;0;0;1;1;1;1;1;,5;1;1;0;1;0;0;1;1;0;1;1;0;1;0;0;1;1;1;1;0;0;1;0;1;0;1;0;0;1;0;1;0;0;0;1;1;0;1;1;1;1;1;1;1;1;1;1;1;1;1;1;1;0;1;1;,5;0;1;1;0;0;1;1;0;0;0;1;1;1;1;0;1;1;1;1;1;1;,5;1;1;0;1;1;0;1;1;1;1;1;1;0;,625;,636363636363636;,625;,4;,375;1;,833333333333333;,4;,571428571428571;,85;,666666666666667;,857142857142857;,553787878787879;,801587301587302;,749702380952381;,701692520442521
166; ; ;base;interview;1/10/2023 16:27:45;138;2;3;3;5;3;2;2;2;1;4;5;3;3;2;1;2;1;4;1;3;4;5;2;1;3;6;2;2;1;4;4;2;1;4;1;1;2;3;6;2;6;1;2;2;2;3;2;1;6;1;4;6;5;6;4;6;6;1;1;5;4;6;1;5;6;4;2;6;1;1886;63;50;50;50;47;44;64;30;51;46;48;50;632; ;1/10/2023 17:09:04;1;0;13;13;0;0; ;7;0;0;0;1;0;0;1;,5;0;1;1;0;1;1;0;1;0;0;1;1;0;1;1;1;1;1;1;1;1;1;1;1;1;1;1;0;0;0;0;0;0;0;1;1;1;0;0;1;1;1;1;1;1;1;1;1;1;1;1;1;0;1;1;1;1;1;1;1;0;0;1;0;1;1;1;1;1;1;0;1;1;1;0;1;1;1;1;1;1;,5;1;,5;1;1;1;1;0;1;1;0;1;1;0;,375;,636363636363636;1;,4;,625;1;,888888888888889;,4;,857142857142857;,85;,916666666666667;,571428571428571;,470454545454545;,915343915343915;,834523809523809;,740107423440757
167; ; ;base;interview;1/17/2023 15:25:22;139;2;2;3;5;3;2;2;5;1;3;2;3;4;1;3;2;2;6;2;1;2;2;3;4;3;4;1;1;3;4;6;2;1;3;1;1;5;2;5;2;4;1;1;2;3;2;1;1;4;2;3;4;1;4;3;2;3;1;1;2;4;3;1;4;2;2;1;2;3;1523;57;44;39;41;47;41;66;30;36;43;35;31;549; ;1/17/2023 15:59:16;1;0;13;13;0;0; ;16;0;0;0;1;1;0;1;,5;0;1;1;0;1;1;0;1;1;1;1;1;1;0;0;1;1;1;1;1;1;1;1;0;0;,5;1;1;0;1;0;1;1;0;1;1;,5;0;1;1;1;1;1;1;1;1;1;1;1;1;1;1;1;1;1;1;1;1;1;,5;1;1;1;0;0;1;1;1;1;0;1;1;1;1;1;1;1;1;1;1;1;,5;1;0;1;1;0;1;0;1;1;0;0;1;1;,458333333333333;,727272727272727;1;,55;,6875;1;,944444444444444;,6;,857142857142857;,95;,666666666666667;,571428571428571;,578535353535354;,933862433862434;,79702380952381;,769807198973866
169; ; ;base;interview;1/20/2023 11:23:10;140;5;1;1;3;4;3;5;4;2;4;4;2;4;4;1;3;2;4;2;1;3;4;5;6;3;6;2;5;1;5;3;2;1;3;1;3;4;3;5;3;5;1;3;4;5;4;2;1;6;2;6;6;2;6;3;5;6;1;3;5;4;5;1;5;6;3;2;4;2;36;68;54;70;83;53;47;56;41;49;49;59;65;730; ;1/20/2023 11:35:21;1;0;13;13;0;0; ;3;1;1;1;1;1;1;1;1;1;0;0;0;1;0;1;1;0;1;1;1;0;1;1;0;1;1;1;0;1;1;1;0;1;1;1;1;0;1;0;1;1;0;1;0;1;0;0;1;0;1;1;1;0;1;1;1;1;1;0;1;1;1;1;1;1;1;1;1;1;1;1;0;1;1;1;1;1;,5;1;1;1;1;0;1;0;1;1;1;1;1;1;,5;1;1;0;1;0;1;1;0;1;1;0;,75;,727272727272727;,75;,7;,375;,8;1;,8;,928571428571429;,8;,75;,571428571428571;,725757575757576;,90952380952381;,717857142857143;,784379509379509
<<<<<<< HEAD
<<<<<<< HEAD
170; ; ;base;interview;1/25/2023 17:19:08;228;4;1;3;5;2;2;4;5;2;1;3;2;3;4;1;2;3;6;1;2;3;2;1;2;6;5;4;4;6;6;4;2;1;6;2;1;3;2;6;3;6;2;1;2;3;2;2;2;4;3;3;3;2;5;3;4;3;1;6;3;5;2;1;3;2;5;2;3;3;2367;142;106;97;75;95;105;80;119;54;67;68;49;1014; ;1/25/2023 18:16:12;1;0;13;13;0;0; ;0;1;1;1;1;1;1;1;0;0;1;1;,5;1;0;1;1;1;1;0;1;0;0;1;0;1;1;0;1;1;1;1;1;1;1;0;1;0;0;1;0;1;1;1;1;,5;1;1;1;1;1;1;1;1;1;1;0;1;1;1;1;1;0;1;1;1;1;1;0;1;1;1;0;0;1;1;0;0;0;1;1;1;0;0;1;0;1;0;1;0;1;1;,5;1;1;0;1;1;0;1;1;1;1;1;,791666666666667;,636363636363636;,75;,6;,9375;,9;,777777777777778;,6;,571428571428571;,5;,75;,857142857142857;,676010101010101;,74973544973545;,714285714285714;,713343755010422
171; ; ;base;interview;2/1/2023 12:43:14;141;3;1;2;4;3;4;3;3;2;4;2;2;4;2;2;2;1;4;1;3;2;3;1;2;5;3;4;3;2;3;5;3;1;5;1;2;3;2;4;2;3;1;1;1;3;2;3;3;2;2;2;4;1;3;4;2;2;2;3;3;3;4;3;2;2;4;2;2;3;77;57;58;52;61;83;75;79;48;41;108;55;47;783; ;2/1/2023 12:57:15;1;0;13;13;0;0; ;3;1;1;0;1;1;1;1;1;1;1;0;1;1;1;1;1;1;1;1;0;1;1;,5;1;1;1;1;1;1;1;1;1;1;1;0;1;1;0;0;0;1;1;1;1;1;0;0;0;0;1;1;1;1;1;1;1;1;1;1;1;1;1;1;1;1;1;1;,5;1;1;0;1;0;0;1;0;1;0;1;1;1;0;1;1;1;0;0;0;0;1;0;1;0;1;1;0;1;0;1;1;1;0;1;,833333333333333;,863636363636364;1;,6;,5;1;,944444444444444;,6;,571428571428571;,5;,5;,714285714285714;,765656565656566;,838624338624339;,678571428571429;,760950777617444
174; ; ;base;interview;2/8/2023 12:03:10;229;4;1;1;6;6;5;3;6;1;6;6;1;5;5;6;1;2;5;1;5;6;3;3;5;3;6;1;3;5;6;5;2;5;6;1;2;4;1;6;2;5;1;3;5;5;1;6;1;6;4;6;6;2;4;2;3;4;2;3;3;2;1;1;6;6;5;3;4;2;42;130;117;133;164;115;107;322;112;120;133;106;82;1002; ;2/8/2023 12:31:14;1;0;13;13;0;0; ;0;1;1;0;1;1;1;1;1;1;0;1;0;1;1;1;1;0;1;1;1;0;1;1;0;0;1;1;0;0;1;1;1;1;1;1;1;0;0;1;1;1;0;1;0;0;0;1;1;1;1;0;1;1;0;1;1;1;1;1;1;1;0;1;1;1;1;1;1;0;1;1;1;1;1;1;1;1;0;1;1;1;1;0;0;0;1;,5;1;1;1;1;0;1;0;0;1;0;1;1;1;1;1;0;,75;,818181818181818;,5;,8;,5;,8;,888888888888889;,8;,857142857142857;,65;,5;,714285714285714;,789393939393939;,848677248677249;,591071428571429;,743047538880872
175; ; ;base;interview;2/9/2023 10:27:22;230;5;1;3;5;1;5;3;5;1;6;5;2;5;2;6;2;2;5;3;1;1;3;6;6;4;2;3;1;1;4;5;1;1;6;1;1;4;3;6;4;6;1;1;1;3;2;3;1;2;2;5;6;1;3;3;1;5;1;2;3;3;5;1;6;2;5;1;4;4;39;67;62;73;67;109;51;115;31;56;56;67;44;837; ;2/9/2023 10:41:19;1;0;13;13;0;0; ;2;1;1;1;1;0;1;1;0;1;1;0;1;1;1;1;1;0;1;1;1;1;1;1;1;0;1;1;1;0;1;1;0;0;,5;1;1;,5;1;0;1;0;1;1;1;1;1;0;1;1;1;1;1;1;0;1;0;1;1;1;1;1;1;1;1;1;1;1;,5;1;1;1;1;1;0;1;1;1;0;1;1;1;1;1;1;1;0;0;1;1;1;1;0;1;1;0;1;1;1;1;1;1;1;1;,75;,909090909090909;,75;,5;,875;,8;,944444444444444;1;,714285714285714;,8;,666666666666667;1;,71969696969697;,81957671957672;,804166666666667;,781146785313452
176; ; ;base;interview;2/14/2023 12:35:14;142;5;2;3;5;2;6;3;6;1;6;3;2;6;2;4;1;3;4;3;2;2;5;3;4;3;5;2;2;1;4;6;2;2;5;1;2;6;3;3;2;6;1;5;2;4;2;4;2;3;2;3;3;2;6;5;5;5;1;4;6;5;2;1;5;2;3;2;2;2;43;77;49;59;60;62;98;67;31;31;83;83;39;782; ;2/14/2023 12:48:16;1;0;13;13;0;0; ;5;1;1;1;1;0;1;1;0;1;1;0;1;1;1;1;1;1;1;1;1;1;1;1;1;1;1;1;1;0;1;1;0;0;1;0;1;,5;1;0;0;1;0;1;1;1;0;0;1;1;1;1;1;1;0;1;1;1;1;1;1;1;1;1;0;1;1;1;1;1;1;1;1;1;1;1;1;1;,5;1;1;1;1;0;1;1;1;1;1;1;1;1;1;1;1;0;1;1;0;1;1;1;0;0;,75;1;,875;,45;,625;,9;,888888888888889;1;,928571428571429;,9;,833333333333333;,571428571428571;,733333333333333;,905820105820106;,794940476190476;,811364638447972
177; ; ;base;interview;2/23/2023 12:30:43;231;3;2;1;5;1;3;4;6;1;4;2;2;4;2;2;1;1;5;1;3;2;2;2;5;3;1;2;2;3;3;5;2;1;4;1;1;4;2;3;2;5;1;2;2;2;2;3;2;4;3;4;5;1;3;3;1;2;1;2;4;2;1;2;2;3;4;1;2;3;36;52;49;65;45;42;36;61;38;43;38;35;40;580; ;2/23/2023 12:40:23;1;0;13;13;0;0; ;13;1;1;1;1;0;1;1;,5;1;1;1;1;1;0;1;1;1;1;1;1;1;1;,5;1;1;1;1;1;1;1;1;1;1;1;1;1;1;1;0;1;1;1;1;1;,5;1;1;1;1;1;1;1;1;1;1;1;1;1;1;1;1;1;1;1;1;1;1;1;0;0;0;1;1;1;1;1;1;0;1;1;1;1;1;1;1;0;0;1;0;1;1;1;0;0;0;0;1;1;1;1;1;1;1;,875;,863636363636364;1;,9;,9375;1;1;,4;,857142857142857;,7;,333333333333333;1;,879545454545455;,952380952380952;,758333333333333;,863419913419913
178; ; ;base;interview;3/6/2023 10:41:54;232;6;1;2;3;1;5;3;4;1;6;1;1;3;1;2;1;2;6;1;1;1;6;5;2;5;1;2;2;5;6;6;2;1;4;2;1;2;5;5;5;4;2;1;1;4;1;3;3;6;2;6;6;2;6;3;6;6;1;1;3;2;2;1;2;2;4;1;2;1;72;69;51;85;76;75;76;73;47;58;42;59;41;824; ;3/6/2023 10:55:39;1;0;13;13;0;0; ;2;1;1;1;1;0;1;1;0;1;1;0;1;1;1;1;1;1;1;1;0;1;1;,5;1;1;1;1;1;1;1;1;0;0;1;1;1;,5;1;0;0;0;1;1;1;,5;1;1;1;1;1;1;1;1;1;1;0;1;1;1;0;1;1;1;1;1;1;1;0;1;1;1;1;0;1;1;1;1;,5;1;1;1;1;0;1;1;1;1;1;1;,5;1;1;1;1;0;1;1;1;1;1;1;1;0;,75;,863636363636364;1;,45;,9375;,9;,777777777777778;,8;,928571428571429;,85;,833333333333333;,857142857142857;,687878787878788;,868783068783069;,885119047619048;,813926968093635
179; ; ;base;interview;3/8/2023 10:43:32;233;5;1;2;5;5;2;4;6;3;4;2;2;3;1;4;1;1;6;2;2;2;1;3;4;6;1;4;2;2;5;5;2;1;4;1;2;3;4;6;3;4;2;2;1;5;2;5;2;4;1;2;3;2;5;1;4;6;1;2;5;5;2;1;4;3;3;2;3;1;46;64;89;59;65;53;63;78;52;53;54;87;60;823; ;3/8/2023 10:57:15;1;0;13;13;0;0; ;2;1;1;0;1;1;1;1;1;0;0;1;0;1;0;1;1;1;1;1;0;1;1;,5;1;0;1;1;1;1;1;1;0;0;0;1;1;,5;1;1;1;1;1;1;1;1;1;0;1;1;1;1;1;1;1;1;1;1;1;1;1;1;1;1;1;1;1;1;,5;1;1;1;1;1;1;1;1;1;1;,5;1;1;1;0;0;0;1;1;1;1;1;1;1;1;1;0;1;0;1;1;0;1;1;0;,666666666666667;,772727272727273;,875;,65;,875;1;,944444444444444;1;,928571428571429;,7;,833333333333333;,571428571428571;,696464646464646;,957671957671958;,744940476190476;,799692360109027
180; ; ;base;interview;3/8/2023 16:35:42;234;5;1;3;5;2;3;4;3;1;6;4;2;2;2;3;1;2;5;1;1;1;2;5;4;3;4;2;3;3;4;6;4;2;4;2;2;3;2;4;5;5;2;2;1;3;2;4;2;2;3;3;6;2;6;2;3;5;1;1;2;4;2;2;3;3;3;2;4;2;114;65;73;60;93;178;68;87;31;49;53;45;36;836; ;3/8/2023 16:51:34;1;0;13;13;0;0; ;3;1;1;1;1;1;1;1;0;0;1;1;1;1;1;1;1;0;1;1;1;1;1;1;0;0;1;0;1;1;1;1;0;0;1;1;1;,5;1;0;1;0;0;1;0;,5;0;1;1;1;1;1;1;1;1;,5;1;1;1;1;1;1;0;1;1;1;1;1;,5;1;1;1;1;1;0;0;0;1;0;1;1;1;1;0;1;1;1;1;1;1;,5;0;0;1;0;0;1;0;1;1;0;1;1;0;,833333333333333;,909090909090909;,625;,55;,5625;,95;,833333333333333;1;,428571428571429;,85;,333333333333333;,571428571428571;,764141414141414;,737301587301587;,594940476190476;,698794492544493
181; ; ;base;interview;3/22/2023 15:43:57;235;2;3;3;1;1;1; ; ; ; ; ; ; ; ; ; ; ; ; ; ; ; ; ; ; ; ; ; ; ; ; ; ; ; ; ; ; ; ; ; ; ; ; ; ; ; ; ; ; ; ; ; ; ; ; ; ; ; ; ; ; ; ; ; ; ; ; ; ; ;11;106; ; ; ; ; ; ; ; ; ; ; ;117; ;3/22/2023 15:45:54;0;0;2;2;0;0; ;65;0;0;1;0;0;0;0;0;0;0;0;,5; ; ; ; ; ; ; ; ; ; ; ; ; ; ; ; ; ; ; ; ; ; ; ; ; ; ; ; ; ; ; ; ; ; ; ; ; ; ; ; ; ; ; ; ; ; ; ; ; ; ; ; ; ; ; ; ; ; ; ; ; ; ; ; ; ; ; ; ; ; ; ; ; ; ; ; ; ; ; ; ; ; ; ; ; ; ; ; ; ; ; ;,125; ; ; ; ; ; ; ; ; ; ; ;,125; ; ;,125
183; ; ;base;interview;3/22/2023 16:22:10;235;5;1;1;1;2;2;5;3;1;5;3;1;4;1;2;1;2;4;1;2;1;1;5;4;2;4;2;3;1;5;6;2;1;5;1;1;5;2;5;2;4;1;1;1;3;1;1;1;4;1;3;2;1;5;2;2;2;1;3;4;2;2;2;2;2;3;1;3;2;34;40;36;37;44;37;35;45;37;26;34;37;32;474; ;3/22/2023 16:30:05;1;0;13;13;0;0; ;26;1;1;1;0;1;1;0;1;1;0;0;,5;1;0;1;1;0;1;1;1;1;1;1;1;1;1;1;1;1;1;1;1;0;,5;1;1;1;1;0;1;0;0;0;0;1;1;0;1;1;1;1;1;1;1;1;1;1;1;1;1;1;1;1;1;1;1;1;,5;1;1;1;0;0;1;1;1;1;,5;1;1;1;1;0;1;0;1;0;1;0;1;1;1;0;0;0;0;1;1;1;0;1;1;1;,625;,818181818181818;1;,65;,5;1;,944444444444444;,6;,928571428571429;,6;,333333333333333;,857142857142857;,697727272727273;,957671957671958;,697619047619048;,784339426006093
=======
64; ; ;base;interview;7/21/2021 17:14:40;101;5;1;3;2;2;3;6;4;1;5;3;2;6;2;5;1;2;3;3;1;1;3;2;3;3;2;4;6;1;2;5;3;2;3;1;2;2;4;3;3;4;1;2;1;4;2;1;2;6;5;6;6;2;5;3;4;6;2;1;5;5;4;1;2;2;2;4;3;1;10;75;70;64;69;71;47;68;50;51;55;37;48;715; ;7/21/2021 17:26:35;1;0;13;13;0;0; ;7;1;1;1;1;1;1;0;0;0;0;0;1;1;0;1;1;1;1;1;1;1;1;1;1;1;1;1;1;0;1;1;0;0;,5;0;0;,5;1;0;0;1;1;0;0;1;0;0;0;0;1;1;1;1;1;,5;1;1;1;1;1;0;1;1;1;1;1;1;1;1;1;1;0;0;1;1;1;1;0;1;1;1;1;0;1;1;1;1;1;1;0;1;1;1;1;1;1;0;0;0;0;1;0;0;,583333333333333;,909090909090909;,875;,3;,25;,95;,888888888888889;,6;,857142857142857;,8;1;,142857142857143;,597474747474747;,898677248677249;,704464285714286;,733538760622094
65; ; ;base;interview;7/27/2021 17:41:18;102;4;5;3;3;1;1;5;6;3;4;2;2;3;4;3;2;1;5;1;2;1;2;5;4;6;3;4;2;1;5;5;3;1;4;2;1;3;5;5;6;5;1;4;2;6;3;2;1;6;2;6;4;3;5;3;3;4;1;1;4;5;4;1;2;3;4;1;6;2;24;81;62;53;77;52;44;63;32;57;54;49;43;691; ;7/27/2021 17:52:49;1;0;13;13;0;0; ;3;0;1;1;0;0;0;0;0;0;1;1;,5;1;0;1;1;1;1;1;0;1;1;,5;0;0;1;1;1;1;1;1;1;0;1;1;1;1;1;0;1;0;1;1;1;1;1;0;1;1;1;1;1;1;1;1;1;1;1;1;1;0;1;1;1;1;1;1;1;1;1;1;0;1;1;1;1;1;1;1;1;1;1;0;1;1;1;1;1;1;,5;1;1;1;1;1;1;1;1;1;0;1;1;1;,375;,772727272727273;,75;,7;,875;1;,888888888888889;,8;1;,85;1;,857142857142857;,615909090909091;,962962962962963;,864285714285714;,814385922719256
66; ; ;base;interview;7/28/2021 15:40:54;103;5;5;3;3;2;5;5;4;2;6;2;2;2;3;4;3;3;5;2;5;6;2;3;6;4;6;2;5;1;2;6;2;1;5;1;2;6;5;5;3;6;1;1;1;3;3;3;3;6;3;6;6;1;6;4;2;5;2;1;5;6;5;1;3;3;5;2;5;3;12;65;62;81;68;65;48;60;40;52;65;73;53;744; ;7/28/2021 15:53:18;1;0;13;13;0;0; ;5;0;1;1;0;0;0;0;0;1;1;0;1;1;1;1;1;1;1;1;0;1;1;,5;0;0;0;0;1;1;1;1;1;1;,5;1;1;0;1;1;1;1;0;1;0;1;0;0;0;0;1;1;1;1;1;1;1;1;1;1;1;1;1;1;1;1;1;1;,5;1;0;0;0;0;1;1;1;1;0;1;1;1;1;1;1;1;0;1;1;1;0;1;1;1;1;1;1;1;1;1;0;1;1;1;,416666666666667;,863636363636364;,5;,85;,25;1;,944444444444444;,2;,857142857142857;,8;1;,857142857142857;,71010101010101;,933862433862434;,789285714285714;,811083052749719
67; ; ;base;interview;8/5/2021 15:58:42;104;5;1;2;2;2;2;3;2;1;3;3;1;3;2;2;2;2;4;1;1;1;3;3;5;3;3;2;2;2;3;4;2;1;3;1;2;2;1;1;1;5;1;1;1;5;2;2;1;3;1;5;5;3;2;2;3;5;1;1;3;4;5;2;2;2;2;1;2;3;8;140;41;37;40;57;39;34;27;30;33;30;27;543; ;8/5/2021 16:07:45;1;0;13;13;0;0; ;31;1;1;1;1;1;1;0;,5;0;0;0;,5;1;0;1;1;0;1;1;1;0;1;1;1;1;1;1;1;1;1;1;0;0;1;1;1;,5;1;0;1;1;0;1;1;1;0;0;1;1;1;1;1;1;1;1;1;1;1;1;1;1;0;0;0;0;1;1;,5;1;1;1;0;1;1;0;1;1;1;1;1;1;1;0;1;1;1;1;1;1;,5;1;1;1;1;1;0;0;1;1;0;0;1;1;,583333333333333;,727272727272727;1;,65;,625;1;,5;,8;,857142857142857;,85;,833333333333333;,571428571428571;,653535353535354;,785714285714286;,813690476190476;,750980038480038
69; ; ;base;interview;8/31/2021 14:25:11;201;5;1;3;3;5;2;4;3;2;5;4;3;6;4;3;1;3;5;1;2;5;5;5;2;3;2;2;4;2;6;6;2;1;4;1;3;5;3;2;3;5;1;1;1;5;3;3;2;5;4;5;5;2;4;1;5;3;1;4;4;5;2;1;5;5;2;1;5;2;6;114;87;77;115;118;59;75;50;127;58;49;46;851; ;8/31/2021 14:41:32;1;0;13;13;0;0; ;12;1;1;0;1;1;1;0;1;0;0;1;0;1;1;1;1;0;0;1;1;1;1;1;1;1;1;1;1;1;1;1;1;1;1;1;1;0;0;0;0;0;1;1;0;1;1;0;1;1;1;1;1;1;1;1;1;1;1;1;1;1;1;1;1;1;1;1;,5;1;1;1;0;1;1;1;1;1;0;1;1;1;0;0;0;0;1;1;1;0;1;1;0;1;1;0;1;0;1;1;0; ;1;1;,583333333333333;,818181818181818;1;,5;,75;1;,944444444444444;,8;,857142857142857;,5;,666666666666667;,666666666666667;,633838383838384;,933862433862434;,708333333333333;,758678050344717
70; ; ;base;interview;9/1/2021 17:06:31;105;2;1;1;6;4;1;2;5;1;6;1;6;2;2;1;1;1;4;1;1;1;3;4;6;5;4;1;1;1;6;6;1;1;6;1;1;1;1;1;2;6;3;2;1;2;2;2;2;5;2;2;2;2;2;2;1;5;1;3;4;2;2;1;1;2;5;1;4;3;15;123;75;97;50;68;30;73;42;68;56;52;58;807; ;9/1/2021 17:19:58;1;0;13;13;0;0; ;6;1;1;0;1;1;0;1;1;0;1;1;0;1;1;0;1;1;0;1;0;1;0;0;0;1;1;1;1;1;1;1;0;0;1;1;1;,5;1;0;1;1;1;1;1;1;1;0;1;1;1;1;1;1;0;1;0;1;1;1;0;0;0;0;0;0;1;1;0;1;0;0;0;0;1;1;0;0;,5;,5;0;1;0;1;1;0;0;0;1;1;1;1;1;1;1;1;0;1;1;1;1;1;1;1;,666666666666667;,545454545454545;,875;,65;,875;,8;,222222222222222;,2;,428571428571429;,6;,833333333333333;1;,620707070707071;,483597883597884;,827083333333333;,643796095879429
71; ; ;base;interview;9/15/2021 12:02:49;106;5;3;4;4;1;3;5;4;3;2;2;4;2;2;5;2;3;6;3;2;1;5;5;2;3;4;2;3;1;5;3;2;3;1;2;3;6;2;6;2;5;2;1;2;5;3;4;2;4;3;4;5;2;4;4;5;5;2;1;4;3;4;3;4;3;4;3;5;5;8;55;46;52;43;58;30;33;20;27;34;36;37;479; ;9/15/2021 12:10:48;1;0;13;13;0;0; ;31;1;1;1;1;0;0;0;0;0;1;1;1;1;0;1;1;1;0;0;0;0;0;0;0;0;0;0;1;1;1;1;0;0;1;1;0;1;0;0;0;0;0;1;0;1;1;0;1;1;1;0;1;0;0;0;0;0;0;0;1;1;0;1;1;0;1;1;0;1;1;1;1;1;1;1;1;1;0;1;1;1;1;0;1;1;1;1;1;1;0;1;,5;0;1;0;1;1;0;1;0;0;1;1;,583333333333333;,363636363636364;,5;,3;,625;,2;,666666666666667;1;,857142857142857;,8;,583333333333333;,571428571428571;,415656565656566;,574603174603175;,613690476190476;,534650072150072
72; ; ;base;interview;9/27/2021 18:35:47;202;5;4;1;6;3;1;1;5;2;2;5;1;4;1;2;1;1;5;1;3;5;6;4;1;5;2;3;2;4;5;4;2;1;4;1;1;5;2;5;2;6;1;1;1;2;1;1;1;4;2;4;4;1;5;3;5;6;1;1;4;3;1;1;5;2;3;1;1;1;16;96;72;81;62;83;115;69;39;52;52;67;57;798; ;9/27/2021 18:50:08;1;0;13;13;0;0; ;2;1;1;1;1;0;0;1;1;0;1;1;0;0;1;0;1;0;1;0;1;0;1;1;1;1;1;1;1;1;1;1;1;1;1;1;0;0;0;0;0;0;1;1;1;1;1;1;1;1;1;1;1;1;1;1;1;1;1;1;1;1;1;1;1;1;1;1;,5;1;1;1;0;0;1;1;1;1;0;1;1;1;1;0;1;1;1;1;1;1;,5;1;0;1;0;0;1;1;1;1;1;1;0;0;,666666666666667;,545454545454545;1;,4;1;1;,944444444444444;,6;,857142857142857;,85;,5;,714285714285714;,537373737373737;,933862433862434;,766071428571429;,745769199935867
73; ; ;base;interview;10/5/2021 16:35:26;203;5;1;2;6;2;3;3;6;1;4;2;1;4;1;1;3;2;6;1;4;3;6;2;3;5;2;1;2;1;6;5;2;1;2;1;1;5;3;2;3;6;1;1;2;2;1;4;3;6;5;5;6;2;4;5;1;5;1;1;6;1;2;1;2;2;3;1;3;1;28;108;112;82;96;68;48;64;68;60;57;74;42;859; ;10/5/2021 16:50:33;1;0;13;13;0;0; ;0;1;1;1;1;1;1;1;,5;1;1;1;1;1;1;1;1;1;1;1;1;1;1;1;1;1;1;1;1;1;1;1;1;1;1;1;1;1;0;0;0;1;1;1;1;1;1;0;1;1;1;1;1;1;1;,5;1;1;1;1;1;1;1;1;1;1;1;1;,5;0;1;0;1;1;1;1;0;1;0;1;1;1;1;1;1;1;0;,5;1;1;,5;1;1;0;1;0;1;1;1;1;0;1;1;0;,958333333333333;1;1;,7;,875;,95;,944444444444444;,6;,714285714285714;,8;,666666666666667;,714285714285714;,886111111111111;,86957671957672;,795238095238095;,850308641975309
75; ; ;base;interview;10/6/2021 12:56:44;107;6;2;6;3;1;1;5;6;1;6;2;5;6;2;6;1;1;6;1;4;6;6;2;6;6;6;2;6;1;6;6;4;1;6;1;1;6;6;6;1;6;1;1;1;1;1;6;6;3;1;6;6;3;6;3;4;6;1;1;5;6;2;6;1;4;6;1;2;1;33;46;57;39;55;37;52;53;41;37;58;56;42;606; ;10/6/2021 13:06:50;1;0;13;13;0;0; ;11;1;0;1;1;0;0;0;0;0;1;1;,5;1;1;0;1;1;1;1;1;1;1;0;1;0;1;1;1;0;1;1;1;1;1;1;1;0;1;0;0;1;0;1;0;1;0;0;1;0;1;1;1;1;1;1;1;1;1;1;1;1;1;1;1;0;1;1;,5;0;0;0;1;0;1;0;1;1;1;1;1;1;1;0;1;1;1;1;1;1;,5;0;1;0;0;1;0;1;1;1;1;1;1;0;,458333333333333;,818181818181818;,75;,7;,375;1;,833333333333333;,2;,857142857142857;,85;,333333333333333;,857142857142857;,658838383838384;,896825396825397;,697619047619048;,751094276094276
77; ; ;base;interview;10/13/2021 12:48:47;108;4;2;2;5;2;5;4;3;2;4;2;3;3;3;3;2;2;5;2;3;3;5;2;4;5;6;4;2;4;3;4;1;1;3;4;1;3;2;3;2;4;2;2;2;3;2;4;4;3;4;3;3;2;3;4;4;4;2;2;3;3;4;2;3;3;4;2;3;2;21;83;72;44;53;68;46;44;38;45;40;45;31;630; ;10/13/2021 12:59:17;1;0;13;13;0;0; ;8;1;1;1;1;0;1;1;,5;1;1;0;1;1;0;1;1;1;0;1;0;1;1;0;0;0;1;1;1;1;1;1;1;1;1;0;1;,5;1;0;0;1;0;1;1;1;0;0;0;1;1;1;0;1;0;1;0;1;0;1;1;1;0;1;1;0;1;1;,5;1;1;0;1;0;0;1;0;0;0;1;1;1;1;0;1;1;1;1;1;1;,5;1;,5;1;1;1;1;1;1;1;1;1;1;0;,791666666666667;,636363636363636;,75;,65;,5;,6;,722222222222222;,6;,428571428571429;,85;,916666666666667;,857142857142857;,692676767676768;,583597883597884;,843452380952381;,706575677409011
79; ; ;base;interview;10/18/2021 16:55:45;109;2;2;3;6;1;5;4;3;2;3;1;2;3;2;2;2;2;5;2;4;1;5;3;5;6;6;2;3;1;2;6;2;1;5;1;1;3;2;6;3;5;1;2;3;3;2;1;1;4;2;4;6;2;3;4;2;5;1;1;2;3;5;2;3;4;3;2;2;3;46;96;62;54;95;119;58;83;40;46;60;69;68;843; ;10/18/2021 17:10:42;1;0;13;13;0;0; ;1;0;0;1;1;0;1;1;0;1;1;1;1;1;0;1;1;1;1;1;0;1;1;0;1;1;1;1;1;1;1;1;1;0;1;1;1;1;1;0;0;1;0;1;1;1;0;0;0;0;1;1;1;1;1;1;1;1;1;1;1;1;1;1;1;1;1;1;1;0;1;1;0;0;1;1;1;1;,5;1;1;1;1;1;1;1;1;1;1;1;,5;0;0;1;1;1;1;0;1;1;1; ;0;1;,666666666666667;,727272727272727;1;,7;,375;1;1;,4;,928571428571429;,95;,666666666666667;,666666666666667;,697979797979798;,976190476190476;,820833333333333;,831667869167869
80; ; ;base;interview;11/8/2021 14:59:20;110;5;2;3;3;2;2;4;3;1;6;5;3;3;2;6;2;1;3;2;1;2;3;3;5;6;6;2;4;2;4;6;2;3;3;2;2;3;3;4;3;6;2;2;2;3;2;2;2;6;3;1;5;2;5;4;3;5;1;1;3;4;2;4;4;3;3;1;3;2;8;145;75;119;80;74;69;59;46;50;51;48;42;866; ;11/8/2021 15:13:46;1;0;13;13;0;0; ;8;1;1;1;1;0;0;0;0;0;1;1;,5;1;1;1;1;0;0;1;1;1;1;1;1;0;1;1;1;0;1;1;0;0;1;1;1;0;1;0;1;1;0;1;1;1;0;0;1;0;1;1;1;1;0;1;0;0;1;1;1;1;1;1;1;1;1;1;,5;1;1;1;0;0;1;1;0;1;0;0;1;1;1;1;1;1;1;1;1;1;,5;0;0;0;0;0;0;0;1;1;0;1;1;1;,541666666666667;,818181818181818;,75;,6;,5;,7;,944444444444444;,6;,571428571428571;,95;0;,714285714285714;,653282828282828;,738624338624339;,603571428571429;,665159531826199
82; ; ;base;interview;11/12/2021 12:39:51;204;2;6;3;5;6;6;2;5;1;5;4;5;2;2;3;5;4;6;1;3;3;5;6;4;6;6;4;6;5;5;5;2;2;5;1;3;2;5;3;4;6;2;2;1;1;3;3;4;3;3;6;5;2;3;6;1;5;3;3;3;4;2;2;5;2;5;1;3;3;40;54;49;40;45;39;38;46;29;30;32;33;26;501; ;11/12/2021 12:48:13;1;0;13;13;0;0; ;22;0;0;0;0;0;0;1;1;1;0;0;,5;1;1;0;1;1;0;1;1;1;0;0;0;0;0;0;1;1;1;1;1;1;1;1;1;,5;1;0;0;0;0;1;0;1;0;1;1;0;1;1;1;1;0;1;1;1;1;1;0;0;1;1;1;1;1;1;,5;0;0;0;0;0;0;1;1;1;0;1;1;0;0;1;1;1;0;0;1;1;,5;1;0;1;0;0;1;1;1;1;1;1;1;1;,291666666666667;,636363636363636;,5;,65;,5;,9;,722222222222222;0;,714285714285714;,55;,5;1;,526010101010101;,778835978835979;,6375;,647448693282027
85; ; ;base;interview;11/15/2021 17:22:53;111;6;1;1;3;2;4;5;4;1;1;2;3;5;4;2;5;2;5;1;1;2;5;5;6;6;6;4;4;4;2;6;1;1;4;1;2;6;6;5;5;5;1;1;1;4;2;3;2;5;2;2;4;1;2;3;4;2;1;3;5;5;3;3;4;4;5;2;3;2;54;78;63;63;75;58;62;45;31;49;41;72;39;730; ;11/15/2021 17:35:03;1;0;13;13;0;0; ;4;1;1;1;1;1;1;1;1;1;1;0;1;1;0;1;1;1;1;0;1;0;0;0;1;1;0;1;1;1;0;1;0;1;1;1;1;0;1;0;1;1;0;1;1;1;0;0;0;0;1;1;1;1;0;1;0;1;1;1;1;1;1;1;1;1;1;1;,5;1;1;1;1;1;1;1;0;1;0;1;1;1;0;0;1;0;1;1;1;0;1;1;1;1;0;0;1;1;1;1;1;1;1;0;,916666666666667;,545454545454545;,75;,7;,375;,8;,944444444444444;1;,714285714285714;,6;,666666666666667;,857142857142857;,720707070707071;,81957671957672;,718452380952381;,752912057078724
86; ; ;base;interview;11/26/2021 9:49:38;205;6;6;6;6;6;6;5;4;3;6;3;6;6;2;2;4;4;6;2;6;3;2;4;6;6;5;3;4;4;5;2;1;1;2;1;1;2;1;5;3;5;3;1;1;3;1;3;2;6;3;4;5;6;5;4;4;5;1;6;5;2;2;2;2;4;4;2;2;2;7087;112;111;116;176;157;108;100;39;54;52;88;53;888; ;11/26/2021 12:07:11;1;0;13;13;0;0; ;0;0;0;0;0;0;0;0;,5;0;0;0;,5;1;1;0;1;1;0;1;0;1;0;0;1;1;1;1;1;1;1;1;1;1;,5;1;1;1;0;1;1;1;1;1;1;1;0;1;1;1;1;1;1;1;0;1;0;1;1;1;0;1;0;1;1;0;1;1;0;1;1;1;1;1;1;0;1;1;1;0;0;1;0;0;1;0;1;0;1;0;1;1;1;0;0;0;0;0;1;1;1;1;0;0;,0833333333333333;,545454545454545;1;,85;,875;,8;,555555555555556;1;,571428571428571;,5;,333333333333333;,571428571428571;,492929292929293;,642328042328042;,601190476190476;,57881593714927
87; ; ;base;interview;12/17/2021 11:46:57;112;4;3;4;5;2;2;5;5;3;2;2;3;5;4;1;3;2;6;3;3;2;3;3;2;6;6;5;4;2;4;6;3;2;3;1;2;5;4;3;3;3;3;1;4;5;2;4;1;4;2;5;3;1;3;2;3;5;1;1;6;5;2;1;4;5;3;2;3;2;38;74;44;40;73;63;51;70;34;49;35;44;40;655; ;12/17/2021 11:57:52;1;0;13;13;0;0; ;7;1;0;1;1;0;0;1;0;0;1;1;,5;1;0;1;1;1;1;0;0;0;0;0;1;1;1;1;1;1;1;1;0;0;,5;0;0;1;0;0;0;0;0;1;1;1;0;0;0;0;1;1;1;1;1;,5;1;1;1;1;1;1;1;0;1;0;0;1;0;1;1;1;1;1;1;1;1;1;0;1;1;1;1;0;1;1;1;1;1;1;,5;1;1;1;1;0;1;0;1;1;0;1;1;0;,541666666666667;,454545454545455;1;,15;,375;,95;,555555555555556;1;,857142857142857;,85;,833333333333333;,571428571428571;,382070707070707;,787566137566138;,813690476190476;,66110910694244
88; ; ;base;interview;1/7/2022 11:42:09;206;5;1;2;4;2;3;4;4;1;3;3;1;1;2;4;1;2;4;1;3;3;1;6;5;4;5;3;5;2;5;3;1;1;4;1;2;3;2;5;2;4;2;1;2;2;2;2;1;3;1;4;4;1;3;4;4;3;1;3;2;3;2;2;3;2;3;2;5;1;15;76;59;54;48;66;32;67;28;31;38;55;35;604; ;1/7/2022 11:52:13;1;0;13;13;0;0; ;13;1;1;1;1;1;1;1;,5;1;1;1;1;1;0;1;1;1;1;1;1;0;1;1;0;0;0;0;1;0;1;1;1;1;,5;1;1;,5;1;1;1;0;0;1;0;1;0;0;1;0;1;1;1;1;0;1;0;1;1;1;1;1;0;1;1;0;1;1;0;0;0;1;0;1;1;1;1;1;,5;1;1;1;0;0;1;1;1;1;1;0;1;0;0;1;0;0;1;1;0;1;0;1;1;0;,958333333333333;,818181818181818;,375;,8;,375;,8;,666666666666667;,4;,928571428571429;,7;,333333333333333;,571428571428571;,858838383838384;,798412698412699;,494940476190476;,717397186147186
89; ; ;base;interview;1/10/2022 14:26:45;113; ; ; ; ; ; ; ; ; ; ; ; ; ; ; ; ; ; ; ; ; ; ; ; ; ; ; ; ; ; ; ; ; ; ; ; ; ; ; ; ; ; ; ; ; ; ; ; ; ; ; ; ; ; ; ; ; ; ; ; ; ; ; ; ; ; ; ; ; ;21; ; ; ; ; ; ; ; ; ; ; ; ;21; ;1/10/2022 14:27:06;0;0;1;1;0;0; ;7; ; ; ; ; ; ; ; ; ; ; ; ; ; ; ; ; ; ; ; ; ; ; ; ; ; ; ; ; ; ; ; ; ; ; ; ; ; ; ; ; ; ; ; ; ; ; ; ; ; ; ; ; ; ; ; ; ; ; ; ; ; ; ; ; ; ; ; ; ; ; ; ; ; ; ; ; ; ; ; ; ; ; ; ; ; ; ; ; ; ; ; ; ; ; ; ; ; ; ; ; ; ; ; ; ; ; ; ; ; ; ; ; ; ; ; ; ; ; 
90; ; ;base;interview;1/10/2022 14:27:37;113;4;1;1;4;3;3;4;6;1;6;3;2;2;2;1;3;3;6;1;2;3;4;1;2;2;4;2;2;1;3;5;3;1;3;1;1;3;2;4;1;5;1;1;1;2;1;1;1;2;1;5;4;1;4;2;2;3;1;2;4;3;3;1;5;2;4;1;2;1;11;30;72;49;39;52;55;64;28;32;34;35;40;541; ;1/10/2022 14:36:38;1;0;13;13;0;0; ;22;1;1;1;1;1;1;1;1;1;1;1;,5;1;1;1;1;1;1;1;1;1;1;1;0;1;0;0;1;1;1;1;1;1;1;0;1;0;0;0;0;1;0;0;0;1;0;0;1;1;1;1;1;1;1;,5;1;1;1;1;1;1;1;1;1;0;1;1;,5;1;1;1;0;0;1;1;1;1;,5;1;1;1;1;0;1;0;1;,5;1;1;1;1;0;1;1;0;1;1;1;1;1;1;1;0;,958333333333333;1;,625;,5;,375;,95;,833333333333333;,6;,928571428571429;,75;,666666666666667;,857142857142857;,819444444444445;,903968253968254;,724702380952381;,81603835978836
91; ; ;base;interview;1/11/2022 17:14:35;114;1;1;1;6;3;6;2;5;1;2;3;2;5;1;2;2;4;6;1;6;6;1;5;5;6;6;1;1;5;2;6;1;1;6;1;1;1;2;5;5;6;1;2;1;1;1;1;3;5;1;2;6;6;3;3;2;6;2;1;1;6;4;1;6;2;5;2;1;2;43;74;63;59;54;57;42;53;31;31;47;43;38;635; ;1/11/2022 17:25:11;1;0;13;13;0;0; ;8;0;0;0;1;1;1;1;1;1;1;0;1;1;0;0;1;1;1;1;1;0;0;1;1;1;1;1;1;1;1;1;1;1;,5;1;1;,5;0;1;1;0;0;1;1;1;0;1;1;1;1;1;1;1;0;1;0;1;1;1;0;0;1;1;1;1;1;1;1;0;0;0;0;0;1;0;1;1;1;0;0;1;1;1;1;1;0;1;1;1;0;0;0;1;1;0;1;1;0;1;1;1;0;0;,666666666666667;,636363636363636;1;,7;,75;,8;,777777777777778;0;,571428571428571;,8;,5;,571428571428571;,667676767676768;,716402116402116;,717857142857143;,700645342312009
92; ; ;base;interview;1/17/2022 10:48:04;207;4;2;2;5;4;2;3;4;2;2;2;2;3;2;3;2;2;5;2;3;3;2;4;4;4;3;2;3;3;4;4;2;2;4;1;2;3;2;3;3;3;2;2;4;3;2;3;2;3;2;3;4;2;3;3;3;4;2;2;3;2;2;2;3;2;3;2;3;4;4844;58;61;47;66;59;59;63;33;34;40;45;41;630; ;1/17/2022 12:18:54;1;0;13;13;0;0; ;7;1;1;0;1;1;0;1;1;0;1;1;0;1;0;1;1;1;1;0;0;0;0;,5;1;0;1;1;1;1;1;1;1;1;,5;1;1;,5;1;1;1;0;1;1;1;1;1;1;1;1;1;1;1;1;0;1;1;1;1;1;1;1;0;1;1;1;1;1;,5;0;1;1;1;1;1;1;1;1;,5;1;1;1;1;0;1;1;1;1;1;1;,5;1;,5;0;0;0;1;1;0;1;0;0;1;1;,666666666666667;,5;,875;,8;1;,9;,833333333333333;,8;,928571428571429;,85;,416666666666667;,571428571428571;,655555555555556;,887301587301587;,678273809523809;,740376984126984
93; ; ;base;interview;1/19/2022 10:31:06;115;3;1;2;3;1;2;3;4;2;4;2;1;3;4;3;1;1;4;2;1;3;2;3;4;4;2;3;2;1;3;4;2;1;3;1;3;4;1;4;4;4;1;2;3;3;2;2;1;3;1;4;4;3;3;2;4;4;1;2;5;4;2;1;3;3;3;1;3;2;2248;62;65;61;92;73;66;56;61;41;80;50;54;785; ;1/19/2022 11:21:15;1;0;13;13;0;0; ;2;1;1;1;1;0;1;1;0;0;1;1;1;1;1;1;1;1;1;1;0;1;1;1;0;0;1;1;0;1;1;1;0;1;,5;1;1;0;1;1;1;1;1;1;1;1;1;0;0;1;1;1;1;1;1;1;1;1;1;0;1;1;0;1;1;1;1;1;1;0;1;1;0;1;1;0;1;1;1;1;1;1;1;0;1;0;1;1;1;1;1;1;1;1;1;0;1;0;1;1;0;1;1;1;,75;,909090909090909;,625;,75;,75;,9;,888888888888889;,6;,857142857142857;,8;,833333333333333;,714285714285714;,803030303030303;,882010582010582;,743154761904762;,809398548981882
94; ; ;base;interview;1/24/2022 14:49:20;116;5;2;4;5;1;3;5;4;3;3;2;1;6;3;4;1;2;4;2;4;3;4;2;2;4;6;4;3;1;4;5;3;2;4;1;1;5;4;4;3;4;1;2;2;3;2;4;3;5;2;2;4;2;4;4;4;5;1;3;5;4;3;1;2;4;3;2;3;2;68;76;67;49;72;90;57;72;72;56;50;40;60;796; ;1/24/2022 15:03:09;1;0;13;13;0;0; ;2;1;1;1;1;0;1;1;0;0;1;1;1;1;0;1;1;1;1;0;0;1;1;1;1;1;1;1;1;0;1;1;1;1;1;0;0;1;0;0;0;0;0;0;1;1;0;0;0;1;1;1;1;1;1;1;1;1;1;1;1;1;1;1;1;1;1;1;1;1;1;0;1;1;1;1;0;1;,5;,5;1;1;1;0;1;1;1;1;1;1;1;1;1;1;1;1;1;0;1;1;0;1;1;0;,75;,727272727272727;,875;,4;,375;1;1;,8;,714285714285714;,9;1;,571428571428571;,625757575757576;,904761904761905;,836607142857143;,789042207792208
95; ; ;base;interview;1/31/2022 14:40:10;117;4;2;3;5;1;4;3;4;1;5;2;2;3;2;4;2;2;5;2;2;2;5;4;4;4;4;1;2;3;5;5;4;2;5;1;3;3;3;4;2;5;3;2;4;3;2;4;2;4;1;3;5;2;4;3;4;3;1;2;3;2;3;1;3;4;3;1;2;2;62;91;73;68;68;65;87;76;43;49;111;45;48;827; ;1/31/2022 14:54:56;1;0;13;13;0;0; ;0;1;1;1;1;0;1;1;0;1;1;1;1;1;1;1;1;1;1;1;1;1;1;,5;1;0;1;1;1;1;1;1;0;0;1;1;1;,5;1;0;0;0;0;1;1;1;1;1;1;1;1;1;1;1;1;1;1;1;1;1;0;1;0;1;1;0;1;1;0;0;1;1;1;1;1;1;1;1;1;1;1;1;1;0;1;1;1;1;1;1;1;1;,5;1;1;0;1;0;1;1;1;1;1;1;,833333333333333;,954545454545455;,875;,45;,875;1;,555555555555556;,8;1;,9;,75;,857142857142857;,745959595959596;,851851851851852;,845535714285714;,814449054032387
>>>>>>> Stashed changes
=======
>>>>>>> parent of 8821409 (main datei angepasst)
=======
>>>>>>> parent of 8821409 (main datei angepasst)
